id,unique_key,name,sku,category,brand,unit,sale price,price,stock
46479,20E13092-F971-4740-B104-01D38A06020B,     SK hynix 4 gb & 8GB 1Rx16 PC4-3200AA-SCO-11 DDR4 Laptop RAM with Service & updating charges,P046478,RAM,Non Brand,pice,900,1400,6
46442,FE686F10-E35A-488D-910B-41878C78AD3D," Brother DCP-T520W Inkjet refill tank system printer (Print/Copy/Scan),Wi-Fi wireless network, Mobile-Print,Print speed black up to 17 IPM & Color 9.5 IPM, Memory 128MB, Print Resolution 1200x 6000 DPI,150 sheets tray,1 Line Display.Warranty:1 Year.",P046441,Printer,Brothers,pice,21000,22000,0
46351,2D700909-FA23-47A3-AA54-379ACB8241CB," Falcon Xtreme Multimedia Soundbar 95 W(BT,USB,Aux Display, Remote) 5:1",P046350,Bluetooth Speaker,Xtreme,pice,7000,7300,0
46355,952C9A78-1DBD-42AE-AEEF-7CCC37656BD4, Original Dell Laptop  Bag,P046354,Bag,DELL,pice,0,1200,4
46211,F583B29B-0236-4201-AFE0-BE274F742577,A Data 128 GB UC310 Black USB 3.2 Mobile Disk  Warranty 5 Years,P046210,Pen Drive,ADATA,pice,900,1000,0
46212,D038E8E2-D2E1-4F34-A333-7455CF64CB43,A Data 128 GB UC310 ECO Green USB 3.2 Mobile Disk  Warranty 5 Years,P046211,Pen Drive,ADATA,pice,900,1000,0
46213,921B4AC9-C02C-4948-83F2-400389EC74D1,A Data 128 GB UR340 Black USB 3.2 Mobile Disk  Warranty 5 Years,P046212,Pen Drive,ADATA,pice,950,1000,0
46214,34C5D873-5A90-416D-90D4-E363F3B5DD4B,A Data 128 GB UV150 Black USB 3.2 Mobile Disk  Warranty 5 Years,P046213,Pen Drive,ADATA,pice,900,1000,0
46215,F28D2F80-7C2F-4085-944B-6E729F50C7A3,A Data 64 GB UC310 Black USB 3.2 Mobile Disk  Warranty 5 Years,P046214,Pen Drive,ADATA,pice,550,600,0
46216,C5530B30-2A98-4CDA-AD96-B72DFF56CF45,A Data 64 GB UR340 Black USB 3.2 Mobile Disk  Warranty 5 Years,P046215,Pen Drive,ADATA,pice,600,650,0
46217,29ADC547-AC99-47F3-B503-B9B9D8736EE8,A Data 64 GB UR350 Black USB 3.2 Mobile Disk  Warranty 5 Years,P046216,Pen Drive,ADATA,pice,600,650,0
46218,906669CC-3EE7-4A62-9DC7-04C210B69621,A Data 64 GB UV128 Black blue USB 3.2 Mobile Disk  Warranty 5 Years,P046217,Pen Drive,ADATA,pice,550,600,1
46219,17B0125D-CE30-4F61-955F-14A2EACB3298,A Data 64 GB UV150 Black USB 3.2 Mobile Disk  Warranty 5 Years,P046218,Pen Drive,ADATA,pice,550,600,0
45565,776E514E-6402-49E9-8369-38F88B06FE2C,A.TECH OP185 US 3D Optical Mouse,P45565,Mouse,A.Tech,pice,90,150,18
45755,3230F621-D9AF-4D29-9B6B-1E722124CBDC,A4 tech BH220 Wireless headset 1 year warranty,P45755,Headphone,A4 Tech,pice,2200,2400,2
45758,C2EB5807-F36C-4CB5-896B-6C860535EB28,A4 Tech bloody G200s Gaming Headset 1 year warranty,P45758,Headphone,A4 Tech,pice,1550,1750,2
45759,1954FB61-94E6-4556-ADC9-0036F741A0FE,A4 Tech bloody MH360 wireless headset 1 year warranty,P45759,Headphone,A4 Tech,pice,2500,2700,1
46758,08A9E7FC-F3E6-42D5-9F41-EDE06F034815,A4 Tech FB12 Fstyler Black Multimode Wireless Mouse 1 Year Warranty,P046757,Mouse,A4 Tech,pice,950,1050,0
46759,CA70F066-C2EF-490F-8FA4-2A62F6B6F3F3,A4 Tech FB50C Plus Fstyler Black  2XClich 3200 DPI 7 Button Multimode Rechargeable wireless Wireless Mouse 1 Year Warranty,P046758,Mouse,A4 Tech,pice,1700,1850,0
46712,55A4BE1F-DFAB-4000-97A6-A1876383343D,A4 Tech FBX53C Black Fstyler Dual Mode BT & 2.4G Scissor Switch Wireless Keyboard only English layout 1 year Warranty,P046711,Keyboard,A4 Tech,pice,2700,2900,0
46760,CFE5E285-6A51-456A-B93D-F46DF75EAA9B,A4 Tech FG20 Fstyler Asil Blue 2.4G Slim Wireless Mouse 1 Year Warranty,P046759,Mouse,A4 Tech,pice,950,1000,0
46761,53238AF5-EE63-437F-9F8A-EA1E654A6837,A4 Tech FG35 Fstyler Grey 2.4G Range 15M Wireless Optical Mouse 1 Year Warranty,P046760,Mouse,A4 Tech,pice,1100,1200,0
45756,6786838D-166D-4C0C-A914-8E6C92396F04,A4 Tech HS-19 Stereo Headset 1 year warranty,P45756,Headphone,A4 Tech,pice,1025,1225,2
45760,1E9457C9-2ED8-4544-8FFF-8DB4C288A4F7,A4 Tech HS-30 Stereo Headset 1 year warranty,P45760,Headphone,A4 Tech,pice,1025,1225,2
45754,1A6D64B9-8C06-4E2A-88BF-FAF6AA4597EE,A4 Tech HS-9 Stereo Headset 1 year warranty,P45754,Headphone,A4 Tech,pice,600,700,3
45757,2A511C39-2C80-4297-A59F-4390E6B1FADD,A4 Tech HU-35 USB Headset 1 year warranty,P45757,Headphone,A4 Tech,pice,1100,1300,1
45801,C9A1264A-49F9-4C5D-A77E-1509CCCD07CB,A4 Tech PK-825P 720P HD Webcam 1 Years warranty,P45801,Webcam,A4 Tech,pice,2100,2300,1
45800,63556F44-BD48-4412-A1EF-B7D8C7B494BF,A4 Tech PK-910H 1080P FHD Webcam 1 Years warranty,P45800,Webcam,A4 Tech,pice,2300,2500,1
45799,85D0E186-42CA-426A-888B-22AC3CF83D79,A4 Tech PK-910P 720P HD Webcam 1 Years warranty,P45799,Webcam,A4 Tech,pice,2300,2500,1
45690,44F53454-AFEE-4FC6-96CE-97D52A8512B3,A4TECH 3000N V-TRACK 2.4G Wireless BANGLA Keyboard 01 Year warranty,P45690,Keyboard,A4 Tech,pice,1650,1899,4
45691,AB93FE49-09EE-4B50-96BA-1B07B4EAA2E2,A4TECH 4200N Wireless Keyboard Mouse Combo 01 Year warranty,P45691,Keyboard,A4 Tech,pice,1575,1800,1
45682,3D61AD51-4C0E-4B15-AC63-2B21003F796E,A4tech B930 TKL USB RGB Light Strike Mechanical Gaming Keyboard Black 01 Year warranty,P45682,Keyboard,A4 Tech,pice,4900,5500,1
45684,A88849FB-9E41-4C97-92C1-ABB0DE8D2364,A4TECH Bloody B135N Neon Backlight Gaming Keyboard 01 year warranty,P45684,Keyboard,A4 Tech,pice,1550,1750,2
45681,4811A884-9927-4ED9-B2D6-47BCAD3147C2,A4TECH Bloody B820R RGB Mechanical USB LK Gaming Keyboard 01 Year warranty,P45681,Keyboard,A4 Tech,pice,5000,5500,1
45683,DD2947F1-DEC1-4723-929B-DF6A99892119,A4tech Bloody S510R Brown Switch RGB Wired Mechanical Gaming Keyboard 01 Year warranty,P45683,Keyboard,A4 Tech,pice,4000,4500,1
45571,8530A669-F90B-4083-9BF5-0EDABD5709C4,A4TECH FB35C Fstyler Dual Mode Recharegable Bluetooth & 2.4G Wireless Mouse 01 Year warranty,P45571,Mouse,A4 Tech,pice,1400,1550,3
45689,345C2AC3-87BE-4DAF-B6A1-7E71F7847BBD,A4TECH FG1010 Wireless Keyboard Mouse Combo with Bangla 01 Year warranty,P45689,Keyboard,A4 Tech,pice,1800,2000,1
45573,A2491FA3-EC26-4A4C-940B-D9C5AE2030CA,A4TECH FSTYLER FB10CS Rechargeable Wireless Mouse 01 Year warranty,P45573,Mouse,A4 Tech,pice,1300,1500,1
45686,BB7F9909-BA2F-4DA1-B913-417B78953B6A,A4TECH FSTYLER FBX51C Bluetooth & 2.4G Scissor Switch Keyboard 01 Year warranty,P45686,Keyboard,A4 Tech,pice,2300,2500,2
45688,69E30A3A-0634-469A-8DA4-318C3C438C5C,A4TECH FSTYLER FG1112 2.4G Power Saving Compact Desktop Set 01 Year warranty,P45688,Keyboard,A4 Tech,pice,1700,1850,1
45572,026F64F8-BCBA-4179-AD6E-B72C8412623D,A4TECH Fstyler FG15C Air2 Dual-Mode Rechargeable Wireless Mouse 01 year warranty,P45572,Mouse,A4 Tech,pice,1100,1250,5
45687,99A0FAB1-A2C5-4C1D-8A57-D0F05581BEB6,A4TECH FSTYLER FK11Multimedia Compact Keyboard 01 Year warranty,P45687,Keyboard,A4 Tech,pice,875,1000,2
45579,3C6D0EE7-DD4A-45B4-8C35-810832FAA65A,A4TECH G3-200N wireless optical mouse 01 year warranty,P45579,Mouse,A4 Tech,pice,750,950,10
45580,F9E89AE8-00AC-474E-8727-0CF1CE04AFF1,A4TECH G3-280N wireless optical mouse 01 year warranty,P45580,Mouse,A4 Tech,pice,750,950,1
45578,3843AAD4-6684-409F-BDE0-456BDC08F261,A4TECH G3-300N wireless optical mouse 01 year warranty,P45578,Mouse,A4 Tech,pice,750,950,5
45685,60E22E68-8A37-4C55-B452-C53F52A865FB,A4TECH KRS-82 Naturla A FN Keyboard 01 Year warranty,P45685,Keyboard,A4 Tech,pice,725,999,8
45581,6931604B-1D91-4971-B600-47DD168F6D07,A4TECH N-70FX optical office mouse 01 year warranty,P45581,Mouse,A4 Tech,pice,800,1000,1
45576,755FF9A6-D559-45EB-9483-2389309CDCD5,A4TECH OP-330  Optical Mouse 01 Year warranty,P45576,Mouse,A4 Tech,pice,350,400,6
45575,54535D61-3075-4B6D-AFE4-E50D34CB245A,A4TECH OP-620D 2X Click Optical Wired Mouse 01 Year warranty,P45575,Mouse,A4 Tech,pice,450,499,7
45577,76F33CE0-F2DE-437C-AD97-C5FB1682D97E,A4TECH OP-720 Optical Mouse 01 Year warranty,P45577,Mouse,A4 Tech,pice,350,400,3
45574,94FB3291-0738-4A1C-8CBD-78A371A21574,A4TECH OP-730D 2X Click Optical Wired Mouse 01 Year warranty,P45574,Mouse,A4 Tech,pice,450,499,8
46347,10EA8219-DCB1-448B-B985-4D183B4F6717,"Acer Aspire 5M-A515-58GM(UN.KQ4SI.004) Gaming Laptop Intel Core i5 13 th Gen Processor -13420H Up to4.60GHz,8GB DDR4 RAM 512GB NVMe SSD Nvidia RTX2050 4GB GDDR6 Graphics 15.6"" FHD Win 11 Grey  2 Years Warranty S/N;UNKQ4SI004405067640700 With Bag",P046346,Laptop,Acer,pice,87000,92000,0
46072,CBD1BE33-8D09-493B-A22F-CBC0C0E5A228,Acer Laptop adapter 19V 3.42A,P046072,Adapter,Non Brand,pice,285,400,3
46482,A2829458-F88D-4350-A525-EB820D0C0DC7,Acer Notebook Acer Aspire 3 A325-53UN.34YSI.002) Core i5 -1334U 8GB 3200Mhz NVME 512 GB GEN4 FHD 15.6 inch IPS 4 cell 54 WHR Blue 2 (Two)  Years Warranty (One year on Battery & Adapter)  S/N:UN34YSI002442085B00700  with Acer Branded Laptop Carry BagYears ,P046481,Laptop,Acer,pice,68000,68500,0
46748,21DEC6C7-6F1E-4DA5-94CC-845769729312,"Acer SA222Q  Ultra Slim Monitor, 21.5 inch, FHD, IPS, VGA, HDMI & 1WX2 Speakers, 1ms, 100Hz, White  3 Years Warranty",P046747,Monitor,Acer,pice,11700,12500,0
45476,354A9A92-FE29-4767-83C6-0368A8CD6C4A,"Acer SA222Q Ultra Slim 21.5"" 100Hz IPS FHD Monitor",P00005,Monitor,Acer,pice,11500,11700,1
46133,F0D72A57-0475-4F63-8EA4-D89273F60D5D,Acer wireless mouse  M300R,P046133,Mouse,Non Brand,pice,200,250,5
46120,E74F5274-FBEC-49B0-830D-AC357C42760A,AD Passive video Balun,P046120,Balun,Non Brand,pice,70,100,18
46356,D0210B59-5BF6-4132-ADD8-977D86F5CB9A,Adata 128 GB  UR350 Black USB 3.2 Mobile Disk  5 Years Warranty,P046355,Pen Drive,ADATA,pice,950,1050,0
46544,73BCC49F-DB5F-4967-9EE1-4BAA4BB3659A,Adata 128GB Class A1 microSDXC Memory Card  warranty life time,P046543,Memory Card,ADATA,pice,950,1100,0
45633,F4B3FBED-FEF5-48C1-BB57-A4DC41755193,Adata 4 GB DDR4 2666 BUS Desktop Ram,P45633,RAM,ADATA,pice,1800,2000,2
46545,18ACD6E6-63A5-4AE3-BB20-3369A0B70AEC,Adata 64GB Class A1 microSDXC Memory Card  warranty life time,P046544,Memory Card,ADATA,pice,550,600,0
46241,DCC3450C-F6EE-4701-9491-3F55EC1DDC72,Adata C100 Black 10000 Mah Power bank  Warranty  1 Year,P046240,Power Bank,ADATA,pice,1400,1600,0
46242,67AF80A9-0757-4F68-A3DB-FE1FE74DBC52,Adata C20 Black 20000 Mah Power Bank warranty 1 year,P046241,Power Bank,ADATA,pice,2000,2200,0
45606,2DA2EF9D-19E3-4DB5-9DC0-37271927902C,ADATA CHOICE UC300 128GB USB 3.2 Type-C Pen Drive,P45606,Pen Drive,Acer,pice,950,1150,2
45496,AFEDD213-9BD8-49F6-A09E-D0D32D048332,ADATA HD680 1TB Portable HDD 03 Years warranty,P000025,Hard Disk Portable,ADATA,pice,6100,6500,1
46542,4B61E737-4438-4A01-8359-D383F803E6AC,Adata High -Endurance 256 BG UHS-1 Class 10 micro SDXC Card warranty Life time,P046541,Memory Card,ADATA,pice,2800,3200,0
46543,DBD14E4D-AD15-4243-A2F7-C027561FFDA8,Adata High -Endurance 512 BG UHS-1 Class 10 micro SDXC Card warranty Life time,P046542,Memory Card,ADATA,pice,5300,5800,0
45501,8C170833-9A72-4268-8AC9-D72806B52845,Adata LEGEND 710 1TB M.2 PCIe Gen3 x4 NVMe SSD 03 years warranty,P000029,SSD,ADATA,pice,8950,10500,1
45497,AEB85F4E-6A96-4470-BF2F-A2ABC0BFF092,Adata LEGEND 710 256GB M.2 PCIe Gen3 x4 NVMe SSD 3 years warranty,P000026,SSD,ADATA,pice,3100,3300,3
45504,3ACB63FF-EE2C-4F46-A840-C38AE8D1DBFF,Adata LEGEND 710 512GB M.2 PCIe Gen3 x4 NVMe SSD 3 years warranty,P000032,SSD,ADATA,pice,4950,5100,2
45502,6D012927-2156-4E7F-9089-9AD5351083F7,Adata LEGEND 960 1TB PCIe Gen4 x4 M.2 2280 SSD 3 years warranty,P000030,SSD,ADATA,pice,11500,12000,1
46582,91492BFF-D8C9-492D-A537-4DBB8C9CF041,Adata Legent 860 1TB Gen 4  2280 M.2 PCLe NVMe  Solid State Drive   5 Years Warranty,P046581,SSD,ADATA,pice,8500,9000,0
46330,9E0840C9-EC2E-4615-93B2-46BAE886D6C8,Adata Legent 900 512GB Gen 4  2280 M.2 PCLe NVMe  Solid State Drive   5 Years Warranty S/N#20362L298BKU,P046329,SSD,ADATA,pice,5600,6500,0
45607,770A8995-9D4A-4510-82D3-F7BDFD0BBC18,ADATA Premier 256GB MicroSDXC UHS-I Memory Card,P45607,Memory Card,ADATA,pice,2400,2500,3
46243,686E0E90-F19E-4873-820B-C70151CD0B01,Adata R100 Black 10000 Mah Wireless charger with magnetic Power Bank warranty 1 year,P046242,Power Bank,ADATA,pice,3500,3700,0
46460,5D430A42-BF8A-4469-A073-94EAE07B4762,Adata SE880 1TB Gray Type -C External Solid State Drive  5 Years Warranty,P046459,SSD External ,ADATA,pice,10500,11000,0
46462,C68AF673-2EC5-42BE-8055-EA6347695D10,Adata SE880 2TB Gray Type -C External Solid State Drive  5 Years Warranty,P046461,SSD External ,ADATA,pice,17800,21500,0
46461,1C32DCC9-B932-4717-8365-1919E84A5406,Adata SE880 500  Gray Type -C External Solid State Drive  5 Years Warranty,P046460,SSD External ,ADATA,pice,6000,6200,0
45507,DBABD931-9711-40F2-A829-6B0DC3EF4D55,Adata SU650 120 GB 2.5 Inch SATA SSD 3 years warranty,P000035,SSD,ADATA,pice,1625,1800,4
45503,8E91EDC4-95E9-4CD2-AFF3-B3C4FB0A76F1,Adata SU650 1TB 2.5 Inch SATAIII SSD 3 years warranty,P000031,SSD,ADATA,pice,8600,9000,2
45506,C8C4C319-3AE5-44A9-9FCA-3021CC07C60E,"Adata SU650 256GB 2.5"" SATA SSD 3 years warranty",P000034,SSD,ADATA,pice,2775,2975,2
45498,685EB1B0-62F8-4EEC-9A4E-E966C49743F5,ADATA SU650 256GB M.2 2280 SATA 3D NAND Internal SSD 3 years warranty,P000027,SSD,ADATA,pice,2775,3000,3
45515,8BADD2DF-28FF-47F9-927F-16CE6C2D291C,Adata SU650 480 GB SSD 03 years warranty,P000043,SSD,ADATA,pice,3600,3800,1
45505,DCFA90AD-60E8-4BB6-A5CC-205B56AEF0F8,"Adata SU650 512GB 2.5"" SATA SSD 3 years warranty",P000033,SSD,ADATA,pice,4700,4900,2
45603,A70A2880-E77B-41C9-A246-CF2EC752AF66,ADATA UC310 256GB USB 3.2 Pen Drive,P45603,Pen Drive,Acer,pice,1850,2500,2
45602,626B6D04-C45C-4E63-8459-15F43B38722D,ADATA UC310 ECO 256GB USB 3.2 Pen Drive,P45602,Pen Drive,Acer,pice,1850,2500,2
45605,FA5E7574-928F-49D7-94E4-5115FFB02DD3,ADATA UV128 128GB USB 3.2 Pen Drive,P45605,Pen Drive,Acer,pice,750,950,4
45604,72449CC9-BF13-4EC8-B267-7FD0960A2D00,ADATA UV128 256GB USB 3.2 Pen Drive,P45604,Pen Drive,Acer,pice,1700,2000,3
45499,BA658599-F1E4-4599-8B6B-FC1C5E5D8349,ADATA XPG SX6000 Lite 128GB M.2 NVMe SSD 3 years warranty ,P000028,SSD,ADATA,pice,1900,2100,3
46087,F7B3B994-F281-4669-93BF-EF0D29B2A08E,AFOX IH110D4-MA5 INTEL IH110D4-MA5 MICRO ATX MOTHERBOARD    Warranty 2 years,P046087,Motherboard,Afox,pice,5900,6100,2
45529,B6D774AF-1FA9-4FE2-B5E2-D67B556CAA82,Afox IH610D4-MA-V2 DDR4 12th/13th gen Intel LGA1700 Socket Motherboard  3 years warranty,P000057,Motherboard,Afox,pice,7950,8300,1
46305,E16A0D9C-D8ED-495B-AC14-EFC423543446,Alfa Wireless N Adapter  UW10S,P046304,Adapter,Non Brand,pice,180,280,2
46280,2A2E0DEC-41C2-45F0-828C-07D689094BB3,"AMD Ryzen 5  5600 6 Core ,12 Thread Processor 4.4Ghz Max Boost,3.5Ghz Base Discrete Graphics Card Required  Socket AM4, Cooler not included 35 MB Cache Unlocked part #100-000000927 3 Years Warranty",P046279,Processor ,AMD Ryzen,pice,13000,13200,1
46523,102AC653-F624-4225-9CA1-868E27613F4F,AMD Ryzen™ 7 7700 8 Cores AM5 TDP  65watt  Gaming Processor  3 Years Warranty(No warranty for Fan/Cooler)S/L#9AMT019R50133 ,P046522,Processor ,AMD Ryzen,pice,22800,24000,0
46340,97C634F8-E373-4AFB-821C-2D9FF9035670,"Apacer 128 GB MicroSDXC UHS -1 U1, Class10. R100 (AP128GMCXS10UB-R) 5 Years Warranty",P046339,Memory Card,Apacer,pice,1180,1400,0
46339,02DC94BF-EB67-4F8A-ABE8-B7D24BA86822,Apacer AS340 2.5'SATA III 120 GB Solid Stata Drive  3 Years Warranty,P046338,SSD,Apacer,pice,1400,1600,0
46751,69238F5D-D560-448E-97E0-7585D32E0BD2,"Apacer AS350 2.5"" SATA !!! SSD, 256GB, (AP256GAS350-1)  3 Years Warranty",P046750,SSD,Apacer,pice,3550,3800,0
46785,78C2ECA2-F2AF-42FD-B5D1-F4553CFC66EA,API test product,P046784,Charger,Baseus,pice,1,2,5
46596,6835F5E5-C2B1-49A7-9AC2-D5398253CA13,Apollo  1200 Va off line UPS 1 Year warranty,P046595,UPS,Apollo ,pice,6700,6900,0
46607,9C012D36-3838-43BA-B4C3-3C6E8B806F5A,Apollo 650 VA 300W off line UPS 1 year warranty /L#310044584F42049302483,P046606,UPS,Apollo ,pice,3200,3400,0
46353,EA96B57F-0579-4232-9B26-248F0151FCE1,Apple MacBook Air(2022) Apple M2 Chip 13.6 inch Liquid Retina Display 8GB RAM 256 GB SSD Midnight (MLY33LL/A/MLY33ZP/A)    S/N: G2YV90TQCR 1 Year Warranty,P046352,Laptop,Apple,pice,105500,109000,0
46720,189AB96F-5D0C-4990-BF71-17B5288D6E94,Apple USB-C to Lighting Cable 1 Meter White,P046719,Cable,Apple,pice,900,1100,0
46756,8C329486-D8DD-4FAC-A4BD-9FA0187CEE6A,"ARKTEK H110M EG Motherboard, Chiset H110, Intel 6th/7th/8th/9th Gen, Socket 1151,  3 years warranty 3 years  Warranty",P046755,Motherboard,ARKTEK,pice,5650,6500,0
46752,26F7CBBB-04A9-49A8-9077-2504E9C5DC3D,"ARKTEK H310M Motherboard, Chiset H310, Intel 8th/9th Gen, Socket 1151, 3 years  Warranty",P046751,Motherboard,ARKTEK,pice,6300,6800,0
46753,D6D1AC9B-025A-4E29-B208-6717D821B0DE,"ARKTEK H81M  EL Motherboard, Chiset H81, Intel 4th Gen, Socket 1150, 3 years  Warranty",P046752,Motherboard,ARKTEK,pice,4600,5000,0
45651,4F4AC272-9674-4E3D-9CC7-B9CC03ACA255,Astrum CP 200 Cooling pad,P45651,Laptop Stand/Cooler,Astrum,pice,1000,1200,4
46027,6DA1DF4A-9324-4855-BF41-D0D1829741DB,Astrum HDMI HD102 Cable 2M,P46027,HDMI Cable,Astrum,pice,190,250,9
45761,4F7A7ECC-296F-429D-8C08-66F2127F611F,Astrum HT310 Wireless headset ,P45761,Headphone,Astrum,pice,1000,1200,7
45667,CE3BC728-2905-4AEE-9D9B-34F96A1F58E1,Astrum KB350 MINI DESKTOP KEYBOARD,P45667,Keyboard,Astrum,pice,400,500,9
45692,A9D302A2-954F-4A61-A1C7-0747C8902340,Astrum KW270 Wireless Keyboard Mouse Combo ,P45692,Keyboard,Astrum,pice,800,1000,6
46067,E9FB08BD-CA9D-4763-B59E-3DE1B66D4D64,Asus Laptop Adapter 19V 2.37 A 40135,P046067,Adapter,Non Brand,pice,330,450,1
46066,D476DD8F-748F-478E-BAA2-AA7889202A63,Asus laptop Adapter 19V 3.42A 2.5MM Big,P046066,Adapter,Non Brand,pice,300,450,5
46369,073E50E9-3518-4164-86DF-578426FD5F30,Asus Original Adapter X441U Series Laptop S/l#2023002778  1 Month Warranty,P046368,Adapter,Asus,pice,1000,1200,0
45895,C3A54B64-69C5-4AE4-B5BB-CE187A7E21C1,ASUS RT-N12+ 300Mbps Router 2 year warranty,P45895,Router,Asus,pice,2080,2230,2
45474,6018EAD5-708C-463D-BBD5-5C693F3DBFAB,"Asus VA229HR 21.5"" IPS Eye Care Monitor",P00003,Monitor,Asus,pice,15500,16000,1
46200,9B3AE9E5-8CD5-4CFF-8572-6FB9728C2DCF,"ASUS VA229QSB Eye  care Monitor 21.5cinch  FHD (Full HD 1920X1080 ),IPS Monitor frameless ,75Hz Adaptive-Sync/FreeSyne Displayport,HDMI ,Eye Care Low blue light Flicker Free Wall Mountable ,Ergonomic Stand, 3 Years Warranty",P046199,Monitor,Asus,pice,17500,20500,0
46201,87A3663D-ED0D-493D-A522-2BCEC1038F22,Asus Vy229HF 100Hz Eye care 21.45 inch FHD IPS  Smooth Gaming Monitor 3years Warranty,P046200,Monitor,Asus,pice,13000,13500,0
45708,63BFE3ED-EAFD-44D0-AD99-D22C3DDE1620,Aula F2088 Game Mchanical Keyboard 01 year warranty,P45708,Keyboard,Aula,pice,3200,3800,2
46207,651A1B24-C9BD-4BFB-BCCB-22D032A12376,Bajeal HDMI to DVI 1.5 m Monitor cable,P046206,Cable,Non Brand,pice,400,500,1
46143,38723945-C1C2-4CC3-8858-959648D05CA0,Baseus Air Joy Series 4-Port USB A HUb Adapter  Model BS-OH094,P046143,Hubs & Docks,Baseus,pice,1370,1450,0
46008,7A4C158D-AB63-42A7-8E1F-3E9CAEF962B2,Baseus Bluetooth Receiver Adapter BA04 Black ZJBA000001,P046007,Bluetooth Receiver,Baseus,pice,450,550,2
46049,4EFD3060-5192-4581-8ED0-BB3BA8695F2B,Baseus power bank 22.5 w,P046049,Power Bank,Baseus,pice,2250,2450,1
46164,416BCAA8-5264-4ABB-9259-313003AB4573,Baseus Type-C to RJ45 lan port ethernet adapter BS-OH004,P046164,Adapter,Baseus,pice,1300,1400,2
46142,6FDDD753-5DF0-422D-887C-573A36518830,Baseus UltraJoy Series 4-Port USB 3.0 Expension,P046142,Hubs & Docks,Baseus,pice,870,1050,0
46163,2DEB38F0-D7EF-4041-9E9F-401A65D209EB,Baseus USB cable for i phone 2.4A 1 m  TPE,P046163,Cable,Baseus,pice,300,350,3
46385,079AAE86-0A40-402F-BC0E-AB112819352A,Battery Asus ORG K401 Battery b31N1424    S/L#IS=M39006  1 Year Warranty,P046384,Battery,Asus,pice,3600,3800,0
45480,1F3CC839-B08E-451A-A9EF-EF4983CD9F7D,"BenQ GW2283 21.5"" Eye-care Stylish Full HD IPS Monitor VGA, HDMI & 1wX2 Speakers Black  3 years Warranty   ",P00009,Monitor,BenQ,pice,12700,13000,2
46513,1635C968-16E3-44D4-88EC-C954A5FB2AF4,Biostar & F&D  Mouse Pad,P046512,Mouse Pad,Non Brand,pice,32,50,20
45905,3E2398B6-F6DC-45E4-AC52-544E83D03EAD,Bitdefender Internet Security 1 Year License 1 Device,P45905,Anti Virus ,Bitdefender,pice,600,799,12
45906,9E95D4C4-E88A-4FBA-98B0-91BDC2187093,Bitdefender Internet Security 1 Year License 3 Device,P45906,Anti Virus ,Bitdefender,pice,1050,1200,1
46444,4AEAC326-A12F-43C4-B873-064B76EE556D,Boya By-M1 Pro  Universal Lavalier Microphone  Model M1 Pro,P046443,Microphone,Boya,pice,1760,1860,1
46719,413C3359-74CF-44EA-AA14-DC29276415AA,Boya BY-V20 2.0 2.4GHz Wireless Microphone (1+2 for type-C) for Type-C Device's 2 Years Warranty,P046718,Microphone,Boya,pice,3600,3800,0
46131,46BE1EE5-9F61-4057-9887-3F07E227B37C,Boya Lavalier microphone BY-M1,P046131,Headphone,Non Brand,pice,360,460,5
46259,68E15717-A3DB-49CC-B320-D0D2359CAB57,Boya Lavalier microphone BY-M1 original,P046258,Microphone,Boya,pice,800,1000,2
46480,D41564D7-B9FD-4534-BB5F-ED909CF1D77F,Boya Universal Lavalier Microphone BY-M1S,P046479,Microphone,Boya,pice,1050,1200,0
46258,0891BD25-F5AC-4E20-8A42-3253FC8C74DC,Boya Universal Lavalier Microphone BY-Mm1 Pro,P046257,Microphone,Boya,pice,1760,2000,2
45766,CC354DC5-88AD-4696-B6F8-628D655ABBA7,Brother BT5000C ,P45766,Color,Brothers,pice,850,900,5
45767,EF76B87A-ED58-4034-A189-1C9059D1C12C,Brother BT5000M ,P45767,Color,Brothers,pice,850,900,8
45768,7D050869-AD78-494F-9C47-280DFB953B36,Brother BT5000Y,P45768,Color,Brothers,pice,850,900,6
46352,21F77407-6B6F-4CC0-9031-753D92E716AC,"Brother Ink Jet Printer DCP -t420W, print SPEED 17ipm,Colour 9 IPM,WIFI, 1 Year Warranty   S/L#E80718G3H726831",P046351,Printer,Brothers,pice,18000,18500,0
45970,644A29F7-E163-4EC0-95A7-324622CB520A,"Brother Ink Jet Printer DCP-T220 Multi-Function  Print Speed 17 IPM, Color 9 IPM,  1 Year Warranty",P045970,Printer,Brothers,pice,15700,16500,1
46707,BAC857BC-4392-4C59-A285-376D017980F0,BTD-60BK Black ink crtg for Brother DCP-T 310/T 510/T 710/T 910DW,P046706,Color,Brothers,pice,950,1020,1
46236,2ABC4799-7510-4837-B837-F7D9D26430C4,"C13T00V1, Epson Black (003 DYE) 65ML Ink Bottle  For L3210,L3250,L1110,L1250, L5290 ,L1105 No warranty",P046235,Color,EPSON,pice,520,620,0
46237,09AE7C2A-791A-4F1D-BF91-B30AEE59EBAE,"C13T00V2, Epson CYAN (003 DYE) 65ML Ink Bottle  For L3210,L3250,L1110,L1250, L5290 ,L1105 No warranty",P046236,Color,EPSON,pice,650,750,0
46238,4C7CE8DB-E309-4B1A-84FE-B0D9662C769A,"C13T00V3, Epson MAGENTA (003 DYE) 65ML Ink Bottle  For L3210,L3250,L1110,L1250, L5290 ,L1105 No warranty",P046237,Color,EPSON,pice,650,750,0
46239,A3B635D9-AACF-4502-B96D-B712CE526F4E,"C13T00V4, Epson YELLOW (003 DYE) 65ML Ink Bottle  For L3210,L3250,L1110,L1250, L5290 ,L1105 No warranty",P046238,Color,EPSON,pice,650,750,0
46348,AB4B6125-04C4-4162-A561-9A6C38E9675F,Corsair Carbide Series Spec-05 Mid-Tower Gaming Case#CC-9020125-IN,P046347,Casing,Corsair,pice,3100,3500,0
45871,CC7655DD-5C26-4702-9123-692454B00A60,CORSAIR CX SERIES CX550 ATX Power Supply  80 Plus Bronze 5 Years warranty S/L#A73K3F349B1XONG,P45871,Power Supply ,Corsair,pice,5500,5700,3
46714,DC79EEA9-046F-435E-AD08-175EE86E46EE,Corsair CX Series CX650  650 watt 80 Plus bronze ATX power supply(UK) CP-9020278-UK 5 Years Warranty S/L#A73LF53516ZDH1,P046713,Power Supply ,Corsair,pice,6300,6500,0
45514,F069B8EB-8809-41FC-9723-F9FACAC16618,Corsair Force MP510 240 GB NVMe PCIe Gen3 M.2 SSD 05 years warranty,P000042,SSD,Corsair,pice,4500,4700,2
45742,2A51EEE4-7720-40AA-910E-AB7A9FEB46E5,Corsair HS35 Stereo Gaming Headset 01 year warranty,P45742,Headphone,Corsair,pice,2800,3000,1
46349,5CD40A78-2C2A-429C-8FDB-52B93CD341F2,"Corsair HS35 v2 Multiplatform Gaming Headphone (BLACK) withFlexible Omni-Directional Microphone-Carbon,CA-9011377-Ap  1 Year Warranty",P046348,Headphone,Corsair,pice,2300,2800,0
45743,9B8BDBE4-C0EE-4ECE-BB50-7F3357CF7CB0,Corsair HS50 Pro Stereo Gaming Headset 01 year warranty,P45743,Headphone,Corsair,pice,3650,4000,1
45986,FE88FF89-B66B-4B16-8196-5B062BF8D043,Corsair Katar PRO Ultra Light Gaming Mouse Black,P045986,Mouse,Corsair,pice,1000,1200,2
46610,5791BDA9-6D7C-4D2E-BC42-6EE3FCE1E159,"Corsair Vengeance 16 GB(2x8GB) DDR5 DRAM 5200MT/S CL40 AMD EXPO &Intel XMP memory KIT  Black, CMK16GX5M2B5200Z40 (Warranty Product life time",P046609,RAM,Corsair,pice,7000,7500,0
46689,157F798C-5757-4610-962B-503F1FE3568C,Corsair Vengeance LPX 16GB (1X16GB) DDR4 DRAM 3200MHz C16 Memory Kit-Black CMK16GX4MIE3200C16(N),P046688,RAM,Corsair,pice,6000,7000,0
45634,B4ED6999-090D-4D17-97B4-92CAA8C0D49E,Corsair Vengeance LPX 16GB DDR4 DRAM 3200MHz RAM ,P45634,RAM,Corsair,pice,4300,4500,3
45635,79627EF7-453C-4B79-AA1C-4AEE7A942700,Corsair Vengeance LPX 8GB DDR4 DRAM 3200MHz RAM ,P45635,RAM,Corsair,pice,2500,7000,8
46595,960401EA-7A00-4308-B748-9BB0435E9676,"Corsair Vengeance LPX 8GB(1x8Gb) DDR4 DRAM 3200 MHz  C16 Memory KIT-Black, CMK8GX4M1E3200C16(N) Desktop ram  (Warranty Product Life time)",P046594,RAM,Corsair,pice,3550,4200,2
46679,2DCC3E5B-CBEF-4F78-A29C-DC84FBC61222,"Corsair vengeance RGB DDR5 RAM 16 GB 5600 MHz CL40 AMD Expo ICUE Compatible Computer Memory - Grey , CMH32GX5M2B5600Z40",P046678,RAM,Corsair,pice,6750,7200,0
45741,C828DCCA-C643-43E5-8D20-2BE039C23048,Corsair VOID RGB ELITE USB premium gaming headset with 7.1 surround Sound,P45741,Headphone,Corsair,pice,7000,8000,1
46373,BBA7E56F-7D88-4911-B30A-1972238F41D9,CPU  Build up &  Installation Charges with windows up dating  charges,P046372,Processor ,Asus,pice,300,800,3
46533,242EF6C6-AD31-4CA0-89DD-A845295A1FA4,CPU  Build up including Windows & various App installation Charges #SC001,P046532,ORYX,MSI,pice,800,1000,2
45638,5B3068B9-92B4-4428-AAA6-B6B5EBD9B71D,Crucial 16GB DDR4 3200MHz UDIMM  DESKTOP RAM,P45638,RAM,Crucial,pice,3600,3800,1
46704,9A4C5305-BEFF-4EAB-A609-9EEFE2946254,Crucial 8GB DDR4 2666 MHz SODIMM RAM ,P046703,RAM,Crucial,pice,3000,4500,0
45884,B0F8DC25-A371-44B4-BF43-34483E7605E4,Cudy M1200 AC1200 1200mbps Whole Home WiFi System  01 Year Warranty,P45884,Router,Cudy,pice,2450,2650,2
45883,17CC504D-3A9F-41E9-AF88-E03D9595D472,Cudy M1300 AC1200 1200mbps Gigabit Whole Home WiFi System  01 Year Warranty,P45883,Router,Cudy,pice,2950,3150,1
46439,2531A1B1-AA2B-4B78-B0E0-988F0B75D81A,Cudy M3000(2-Pack) -AX3000 Gigabit Whole Home Mesh Wi-Fi6 System 1.3GHz Dual core processor  4800 Square Feet  5xinternal Omni-Direction Antenna  Router  1 Year Warranty  ,P046438,Router,Cudy,pice,9800,10300,0
46374,62DE9CE5-ABB0-483E-9C88-EFDCA0E641A2,Cudy M3000(3Pack)AX3000Gigabit whole home Mesh  WiFi 6 System Router  1 Year Warranty,P046373,Router,Cudy,pice,14500,15000,0
46208,4CA94B71-61E1-4088-A1DC-923E8B2640BA,Cudy WR1200 -dual band AC1200 FE Smart WiFi Router 4X5dBi Antenna Warranty 1 year,P046207,Router,Cudy,pice,2200,2400,0
46206,AABA3B3E-F755-4C1F-8E6C-AAE192E56B92,Cudy WR1300 Dual band AC 1200 Gigibit Smart WiFi Router 4X5dBi Antena Warranty 1 year,P046205,Router,Cudy,pice,2950,3200,0
46711,01CA0CAB-D103-4595-A21F-F9296B1A5AB4,"Cudy WR1500 -AX1500 Gigabit Dual Brand Smart Wi-Fi  6 Router, 1 years Warranty",P046710,Router,Cudy,pice,2500,2700,0
45882,F8138240-8AFA-4DC4-A420-B518AA24F6BA,Cudy WR300 N300 300mbps WiFi Router 01 Year warranty,P45882,Router,Cudy,pice,1300,1500,1
46176,4F4823E9-F2B1-4A47-8160-2F96E31B3482,Cudy WU1300S- Dual Band AC1300 Mbps  WiFi USB 3.0 Adapter  1 Year Standard Warranty,P046175,WiFi adapter,Cudy,pice,1060,1260,1
46177,A82CE638-C431-4A97-9E4C-FF97015AFF96,Cudy WU1400 - Dual Band 1300 Mbps High Gain WiFi USB 3.0 Adapter 1 Year Warranty,P046176,WiFi adapter,Cudy,pice,1160,1360,0
45889,4EA9CF38-7CAF-4C67-A498-5B3AB776EAF5,D-link DES-1008C 8- port 10/100m fast ethernet swich,P45889,Router,D-Link,pice,750,950,2
45890,AB34A56B-89A8-444B-BF67-47ECBED169F6,D-Link DIR-615 300mbps 2 Antenna WiFi Router 01 Year warranty,P45890,Router,D-Link,pice,900,1100,4
45893,39814025-C50A-456F-9B49-1C530CA3DC9A,D-Link DIR-650IN N300 300mbps WiFi Router 01 Year warranty,P45893,Router,D-Link,pice,1300,1500,3
46167,E7799DA1-34F9-4A68-9241-7F5E0D4C5637,D-Link DWA-131 N300 USB2.0 wifi adapter,P046167,WiFi adapter,D-Link,pice,900,1000,1
45892,F8AC6E71-4CF7-4617-9F73-CF113EFB6321,D-Link R03 N300 300mbps 2 Antenna EAGLE PRO AI Smart Router 01 Year Warranty,P45892,Router,D-Link,pice,1500,1700,3
45891,7C578B86-76C4-40B8-A782-AFF17D2D192C,D-Link R04 N300 300mbps 3 Antenna EAGLE PRO AI Smart Router 01 Year Warranty,P45891,Router,D-Link,pice,1600,1800,3
46602,E684D80E-911F-4FFE-B0FB-410ED1E0CA36,Dahua DH-IPC-H3AE 3MP 360 Degree wi-fi  PAN & TILT Two Way Audio Network Camera 2 years warranty,P046601,Camera,Dahua,pice,2400,2500,0
46549,D3F685C8-5923-43AA-8478-45E963087D25,Dahua DH-IPC-H5AE 5 MP 360 Degree Wi-Fi  PAN & TILT  Two way Audio Network Camera 2 years warranty,P046548,Camera,Dahua,pice,3200,3500,0
46019,4838E44F-6B64-4348-96BE-65EA0DFA1126,Dahua DH-PFM321D-EN 12V 1A power Adapter,P046018,Adapter,Dahua,pice,240,300,0
46750,A62B67A3-C16C-4520-A647-7F1E82D51AD2,Dahua DH-PFM325D DC12V 1A Power adapter,P046749,Adapter,Dahua,pice,340,400,0
45815,AD59B62E-F508-4767-99BD-05CE7D9ABAAD,"Dahua DHI-LM24-B201E 27"" 100hz IPS FHD Monitor 03 year warranty",P45815,Monitor,Dahua,pice,21500,22500,1
45814,3A58B9F5-885C-49BE-9384-27DD3D2F1507,"Dahua DHI-LM24-B201S-B3 24"" Full HD IPS LED Monitor 03 year warranty",P45814,Monitor,Dahua,pice,15500,16500,1
46601,96D40158-8706-4A26-8991-5D15ADEB62A7,Dahua Hero A1 IP Camera 5mp  2 years warranty S/L#AE0E298PHA02759,P046600,Camera,Dahua,pice,2900,3000,0
46614,F0515B15-169E-40F6-A3C8-DA02D406375B,Dahua smart dual Light HDCVI Dome camera #HD-HAC-T1A21P-U-IL-A  2 MP  S/L#AL00759PDD4C9EA 1 Year Warranty,P046613,Camera,Dahua,pice,1200,1400,0
45874,845C415B-9097-454B-8239-8D724576C0E8,Dahua wide-temperature security power adapter DHPFM300,P45874,Adapter,Dahua,pice,350,450,10
46433,73229BBA-5BA1-4906-BA3C-7103F8BC81E0,DBC  onu XPON    ,P046432,ONU,dbc,pice,810,850,0
46118,D6589B5E-3570-4325-989A-5967AF768B3B,Deepcool Casing FanLow RPM Black#XFAN120,P046118,Casing Fan,DeepCool,pice,275,325,5
46119,A0BAA58F-02DA-47E0-95C5-36334BFEC8DD,Deepcool CPU Cooler Radial Aluminum Heatsink#CK-11509,P046119,CPU Cooler,DeepCool,pice,250,350,8
46014,5B943BB7-7594-47F2-AB1B-E392D046A3E6,Deepcool DM9 1.5g Professional Grade Thermal Paste,P046013,Thermal paste,DeepCool,pice,500,700,0
46015,C16667DC-6888-4F61-B711-777BDE84021D,Deepcool DM9 4g Professional Grade Thermal Paste,P046014,Thermal paste,DeepCool,pice,900,1200,0
46244,D351328B-60EB-4E0E-BDCB-E5935B9A8D41,"Deepcool Real-Time Digital Screen CPU Cooler (4XHeatpipe,2XRGB Fan)#AG400 Digital Plus  S/L#10000145400AF241300178",P046243,CPU Cooler,DeepCool,pice,3500,4500,0
46652,8A196BBD-4DF7-44BC-BC4E-B7A9A6BFAB1C,Deepcool Single Tower CPU Cooler (Four Heat Pipe With PWM Fan) Model#AK400  1 Year warranty,P046651,CPU Cooler,DeepCool,pice,2600,2800,0
45984,26B3B347-7DB1-4EB8-B20C-FE51629B0A1E,Deepcool Z3 Thermal Paste/Grease,P045984,Thermal paste,DeepCool,pice,250,350,1
46013,3AC40BC3-4056-48FB-98EB-20547C4A74D5,Deepcool Z5 Thermal Paste/Grease	,P046012,Thermal paste,DeepCool,pice,350,550,0
46245,E2C364D8-CAA6-471F-8FE7-947BDCC876C5,Deepcool Zero dark CPU Cooler 4XHEATPIPE)#AK400 ZERO DARK,P046244,CPU Cooler,DeepCool,pice,3100,3300,0
46589,2ACC1668-F2E4-42F4-A550-148C7D14C939,Dell 15.5PSD display inspirin 15  3511   3 months warranty,P046588,Display,DELL,pice,4000,4500,0
46516,A1034B5F-1D10-4B58-B09A-2BEFEA43D01D,Dell 40 Wh Laptop Battery S/L#TOP20250155  Warranty  90 days,P046515,Laptop Battery,DELL,pice,2200,2350,0
46608,33B94CF5-7BE9-4723-959C-16BF0B2194A0,Dell Adapter Original slim 65 w S/L#2023002914,P046607,Adapter,DELL,pice,1000,1200,0
45472,C741AB9F-89C1-4180-AC7C-76CBFFBAA749,"Dell D1918H 18.5 I  inch LED Monitor ,VGA & HDMI Port MAX Res;1366X768 at 60 Hz (BPC)  3 Years Warranty",P00001,Monitor,DELL,pice,10000,10300,3
46541,831A03A9-E85C-49EA-8B6E-305C13B04DAD,Dell display inspirin 15  3501    3 months warranty,P046540,Laptop,DELL,pice,4000,4500,0
46302,B129BE73-6990-4358-B867-FC94175B5412,Dell Inspiron 15  3511 Intel i3  11th Gen 1115 G4 Up to 4.1 GHZ 4GB DDR4 2666 MHZ 1Tb 15.6 Inches  FHD  Laptop Colour Blue 2 Years Warranty (Battery & Adaptor Warranty 1 year) S/N#9WQ7NJ3,P046301,Laptop,DELL,pice,49500,50000,1
46303,FD2B8A27-1CBF-47A6-90B4-08E6CBBA07E3,Dell Inspiron 15  3511 Intel i3  11th Gen 1115 G4 Up to 4.1 GHZ 4GB DDR4 2666 MHZ 1Tb 15.6 Inches  FHD  Laptop Colour Silver 2 Years Warranty (Battery & Adaptor Warranty 1 year) S/N#7XLVMJ3,P046302,Laptop,DELL,pice,49500,50000,1
46085,A65F3AB5-F78B-403B-9EFA-579D83A1C161,"Dell Inspiron 15 3501 Core i3 11th Gen 15.6"" FHD Laptop with Windows 10 02 Years warranty",P046085,Laptop,DELL,pice,47000,47500,1
46086,0ECF6BCD-DBCD-4466-8EF3-5DEBE33C8D3E,"Dell Inspiron 15 3511 Core i3 11th Gen 15.6"" FHD Laptop with Windows 10 02 Years warranty	",P046086,Laptop,DELL,pice,49500,50000,1
46603,F35BEAC6-28E0-48A7-8F17-F82AF11BF97E,"Dell Inspiron 15 3511 Intel i5 11th Gen 1135G7 2.4 to 4.2 GHz,8GB DDR4 2666MHz,1TB HDD Intel IRIS XE Graphics 15.6"" FHD,WIN 10 HOME,MS Office, BT, WIFI 3 Cell 2 years Warranty (Battery & Adapter 1 Year) S/L#2C FTYH3",P046602,Laptop,DELL,pice,62000,62000,1
45694,68734E7B-33A2-4CB6-9F93-C22500A7EE17,Dell KM816 Wireless Keyboard and mouse combo,P45694,Keyboard,Non Brand,pice,550,750,2
46073,F3334575-96B9-4370-96A8-3FBC734E4F25,Dell Laptop Adapter 19.5V 3.34 A,P046073,Adapter,Non Brand,pice,400,550,1
46336,9C44F788-FE3A-469D-AF6D-1245918061D0,Dell Laptop Battery ORG G91J0 for Dell Latitude S/N:H309924 1 Year Warranty,P046335,Battery,DELL,pice,3800,4000,0
46188,3FA865C7-D356-4ECE-BF46-040B0B5234FE,Dell Multimedia mini Keyboard,P046187,Keyboard,DELL,pice,260,350,1
46615,EE087A6F-C018-4FBF-9BE7-AB6F0D995D66,Dell Pentium Celeron Mother Board Servicing with spare & Other Cost,P046614,Laptop,DELL,pice,1500,2000,0
46616,C18597C5-61A9-4A4C-999D-D1AB53F2713A,Dell Pentium Laptop Battery Warranty 3 Months,P046615,Battery,DELL,pice,2000,2100,0
46617,0D8B0334-DFE6-41BF-AA77-22270BC25C13,Dell Pentium Laptop Display Warranty 3 Months,P046616,Laptop display,DELL,pice,3200,3300,0
45813,45AD6C64-E53F-4DDD-8AD1-B3B3753DEB6C,Dell S2421HN 24'' IPS AMD FreeSync Full HD Monitor 03 year warranty,P45813,Monitor,DELL,pice,17000,18000,1
46749,3C7A6973-926E-4824-ADE7-CAE20B6BA58B,"Dell SE2225HM Monitor ,21.5 Inch, FHD 1920X1080, VA, LED, VGA & HDMI, 100 Hz, Black  3 Years Warranty",P046748,Monitor,DELL,pice,12700,13500,0
46084,B43EB156-7A5D-4338-B735-12BB6A7BEE3C,"Dell Vostro 15 3500 Core i3 11th Gen 1115G4 3.00 GHG 8 Gb Ram 2666 MHz 1 TB HDD Intel UHD Graphics 15.6"" Laptop Black 2  Years Warranty  S/L#3GNS3G3",P046084,Laptop,DELL,pice,47500,50000,3
45862,9E82E1B1-EF36-4432-AD3F-8E6442D2FC64,DELUX J601 BK Case,P45862,Casing,Delux,pice,2200,2400,1
45863,942605E3-CDDD-475A-A81E-663298BFD716,DELUX J602 BK Case,P45863,Casing,Delux,pice,2200,2400,1
45864,C116CE6F-325B-4ED2-AFC0-913907B9CCDC,DELUX J603 BK Case,P45864,Casing,Delux,pice,2400,2600,1
46158,C9AA24A0-5006-4278-8E3F-53BDAFB13603,Desktop power Cable Nonbrand,P046158,Cable,Non Brand,pice,90,120,20
46675,AD827DF8-68D5-41F5-A73F-224EDD91195E,"Display 15.6"" Borderless FHD LS=82761  Including servicing charges  3 months warranty",P046674,Display,DELL,pice,3200,3500,0
46297,C0478C8F-1671-4628-88BC-496921E3447A,Dteach Desktop  power Cable 3 Pin with Red Fuse 3 Meter  1 Year Warranty,P046296,Cable,DTech,pice,250,300,0
46025,72CA4428-E4F3-40A5-BD72-199A47640A7E,DTech HDMI H008 Cable 10M,P46025,HDMI Cable,DTech,pice,1000,1200,2
46026,A749F3A6-5E8B-478C-9282-B6278BB58480,DTech HDMI H008 Cable 15M,P46026,HDMI Cable,DTech,pice,2000,2200,2
46044,2EE78D0B-4575-433C-8C44-CFFC4B96471F,DTECH USB 2.0 PRINTER  Cable AM/AB 3M,P46044,USB Printer Cable,DTech,pice,300,350,5
46069,972741CF-7965-474D-A6FB-EE1625E0CAB2,DVR  Adapter 12V 5A,P046069,Adapter,Non Brand,pice,290,400,10
46329,FEF74610-976A-4F79-AFD4-815B9E85A5F0,Edifier #PK305 Portable Multimedia Karaoke Speaker(18W) With Microphone(1.0) 1 Year Warranty,P046328,Bluetooth Speaker,EDIFIER,pice,11800,13000,0
46240,002557FB-99F4-4353-9CB0-B2C2673732D2,Edifier Hecate gaming Earbuds GM260 plus,P046239,Ear phone,EDIFIER,pice,1600,1700,1
45711,DA3EBB67-1B12-4A90-9E16-7E6C4D5F2A71,Edifier K550 Communicator Headphone 1 year warranty,P45711,Headphone,EDIFIER,pice,600,800,1
45712,E8C22A06-E498-4A96-A39E-7578F0FC311E,Edifier K800 Communicator Headphone 1 year warranty,P45712,Headphone,EDIFIER,pice,1050,1250,2
45713,E386210B-0C3B-4D80-A987-B1AB2EA075C3,Edifier K840 Hi-Fi Stereo Headphone 1 year warranty,P45713,Headphone,EDIFIER,pice,1400,1600,1
45956,D25E3826-B165-4747-8976-4D168E4A9B4B,Edifier R12U USB powered Multimedia speaker 01 years Warranty ,P45956,Speaker,EDIFIER,pice,1600,1800,2
46126,DB58E956-4868-473B-8947-60831543F893,Edifier Type C Ear phone GM180,P046126,Ear phone,EDIFIER,pice,1470,1570,1
45714,D470BA5F-3A7A-408D-9A42-6E474A95D2CD,Edifier w800BT Plus Headphone 1 year warranty,P45714,Headphone,EDIFIER,pice,3180,3380,1
45954,22391184-2C31-433B-A04F-A8E0D839DDEE,Edifier X100B 2:1 Dramatic Gaming Speaker (15W) 1 Year Warranty,P45954,Speaker,EDIFIER,pice,2900,3100,2
45953,02275740-222B-4BA5-AE4D-BE49EEE173AB,Edifier X230 Speaker 1 Year Warranty,P45953,Speaker,EDIFIER,pice,4500,4600,1
45972,DDB0C0FF-B815-48AE-BF3F-E15780CE13F6,Epson C13T6641 Black Ink Bottle,P045972,Color,EPSON,pice,520,620,10
45975,D9E87662-2731-46CF-B923-8846BD93AE0B,Epson C13T6642 Cyan Ink Bottle,P045975,Color,EPSON,pice,650,750,5
45974,96270083-39F7-4E98-B145-935B3293AE79,Epson C13T6643 Magenta Ink Bottle,P045974,Color,EPSON,pice,650,750,5
45973,CF08FA19-26FB-4875-BD35-A05C506FCC13,Epson C13T6644 Yellow Ink Bottle,P045973,Color,EPSON,pice,650,750,5
45777,531976D9-4935-4834-9009-25D735B67AF4,"EPSON Eco Tank L130 Single Function ink Tank Printer, 27ppm(B & W) &15ppm (Color) warranty 1 year/15000 pages which one comes first(without adapter) S/L#VJ5K561092",P45777,Printer,EPSON,pice,14800,15000,1
45776,D8289E61-55E6-4BE5-B7FA-ACE44EEE3908,EPSON EcoTank L3210 Multifunction Ink Tank Printer 1 Year warranty  S/L#XAGN643851,P45776,Printer,EPSON,pice,16000,17700,5
45775,ADCFD688-D162-4576-9AD4-E250F4DF1597,EPSON EcoTank L3250 (4A) Wi-Fi Multifunction Ink Tank Printer 1 Year warranty ,P45775,Printer,EPSON,pice,18500,19800,1
46371,90BF020C-43C8-4D4A-8B91-097E170BD0DE,Escan Antivirus  1 user for one Year,P046370,Anti Virus ,Escan,pice,600,700,1
46018,33FCB257-D4A5-4639-99A1-06CE781A9FEC,External HDD case for 3.5 inches HDD/SSD,P046017,HDD-SSD Enclosure,Non Brand,pice,1650,1800,2
46547,F02FB44F-81B7-4969-97E4-CC8E6849F562,"Ezviz  CS-H6C Pro (3MP) smart color night vision,patrol mode, loud noise detection, two-way calling with touch button, supports micro SD card (up to 512 GB) 1 year warranty",P046546,Camera,Ezviz,pice,2050,2400,0
45792,6EF67CC8-5A7B-4D35-AD0F-A16A3C5F1981,"Ezviz cs-h3c 2mp 1yr color out door night vision upto 30m, memory upto 512gb",P45792,Camera,Ezviz,pice,4500,4700,2
45791,B94054BC-3BE7-4F35-BADC-E09E3F5D98FD,"Ezviz cs-h3c 3mp 1yr color out door night vision upto 30m, memory upto 512gb  S/L#BB8177153, BB8177127, BB8177146 & BB8177142",P45791,Camera,Ezviz,pice,4800,5000,4
45794,681260EB-B52C-4815-AE0C-8F980222031C,"Ezviz cs-h6c 2mp 1yr color out door night vision upto 10m, memory upto 256gb",P45794,Camera,Ezviz,pice,3000,3200,10
46782,757A0FC1-69D3-4EC8-A6D6-9AFAF07870F4,"Ezviz CS-H8C (4G) 3MP Pan &Tilt 4G Camera, Color Night Vision, Supports 4GB Network Connectivity, Supports MicroSd Card Storage (Up to 512GB), Lens 4MM",P046781,Camera,Ezviz,pice,6500,7000,0
46260,84B6042A-11C9-418E-8688-3DEA5B553FA1,"EZVIZ CS-H8C -4MP Outdoor WiFi Pan/Tilt Camera,Color Night Vision, Supports MicroSD Card Storage Up to 512 GB Lens 4MM  1 Year Warranty",P046259,Camera,Ezviz,pice,4900,5000,0
45793,8903C73D-87C1-41BE-9045-5BA8E07E378F,"Ezviz cs-h8c 2mp 1yr color out door night vision upto 30m, memory upto 512gb",P45793,Camera,Ezviz,pice,4900,5100,3
46783,588B3699-C8E9-4058-8AAF-10291647DFE9,"Ezviz CS-H9C (3MP+3MP) dual Lenses Outdoor WiFi Camera, Color Night Vision, Two-way Talk, Two Patrol Modes for Auto-security, Supports MicroSD Cards (Up to 512Gb)",P046782,Camera,Ezviz,pice,6500,7000,0
46727,4F78ED25-8E76-4F97-8EFC-761D7FE598D8,"Ezviz CS-TY1 Pro (3PM) Full colour Multifunctional Two -Way Audio,patrol Mode, Power Type-C, Support micro SD Card (Max. 512Gb)l ",P046726,Camera,Ezviz,pice,2150,2300,0
46263,6124D31F-266E-4F54-BA96-420F7646E3B7,"F& D  2.0 Floor Stand Speaker (140W, USB/SD, BT,FM,W.MIC, Remote)#T-60X Pro  ",P046262,Bluetooth Speaker,F & D,pice,20500,21000,0
45958,70D16417-9AF7-4BB7-9711-5E6825D52A40,F&D A110 2.1 Multimedia Speaker,P45958,Speaker,F & D,pice,3700,3900,1
45959,6AF6517D-DE5A-4E1D-95E9-A5C27495DE50,F&D A111X 2.1 Channel Multimedia Bluetooth Speakers,P45959,Bluetooth Speaker,F & D,pice,4600,4800,2
45960,3B2AB317-AD2C-4123-AF64-F1181E209475,F&D A140X 2:1 2.1 Channel Multimedia Bluetooth Speakers,P45960,Bluetooth Speaker,F & D,pice,4900,5100,1
45967,6225F195-F140-48F2-8FFB-B435C4DB374E,F&D A180X 2.1 Channel Multimedia Bluetooth Speakers,P45967,Bluetooth Speaker,F & D,pice,5200,5400,1
45961,86BF5FCD-CB0D-45F3-8B36-179B3B269C13,F&D F550X 2:1 Channel Multimedia Bluetooth Speakers,P45961,Bluetooth Speaker,F & D,pice,6900,7100,1
45962,B43FF400-B541-4233-AB22-6F2196F948F2,F&D F590X 2.1 Channel Multimedia Bluetooth Speakers,P45962,Bluetooth Speaker,F & D,pice,5800,6000,1
45963,463D95F9-2302-435E-8C57-B010E9726E9E,F&D F670X 2.1 Channel Multimedia Bluetooth Speakers,P45963,Bluetooth Speaker,F & D,pice,6300,6500,1
45964,6DCD83C7-8E6F-4585-8527-83268F8C0BBF,F&D T200X 2.1 Channel Multimedia Bluetooth Speakers,P45964,Bluetooth Speaker,F & D,pice,8500,8700,1
45965,41EB154C-041F-4026-AE87-160DEF849DEF,F&D T300X 2.1 Channel Multimedia Bluetooth Speakers,P45965,Bluetooth Speaker,F & D,pice,9000,9200,1
45832,9D760414-49F7-4235-9103-97A307B97178,Fantech 30X70X3 Mousepad,P45832,Mouse Pad,Fantech,pice,250,350,0
45696,F50BBC08-B0F6-457E-9896-E6855A735C65,Fantech ATOM TKL MK876 Red Switch RGB Gaming Mechanical Keyboard 01 year warranty,P45696,Keyboard,Fantech,pice,2500,2800,1
45920,F5159C23-1944-4968-A929-9C8068A8F9F2,FANTECH BEAT GS203 SPACE EDITION SPEAKER  6 Month Warranty,P45920,Speaker,Fantech,pice,720,920,2
45563,EB2575E5-90DD-41EB-9433-57C791454F40,Fantech CRYPTO VX7 Macro Gaming Mouse 01 year warranty,P45563,Mouse,Fantech,pice,1000,1200,2
46488,9A2C2789-B1B2-4025-8C3E-3DFB9D2AB79C,Fantech Gaming  Headphone  HG28  Warranty 1 year,P046487,Headphone,Fantech,pice,1650,1800,0
46228,0ADAD261-8576-4FB2-9A0C-86E82BEA1A87,Fantech Gaming Bluetooth Headphone WH-02 Beige,P046227,Bluetooth Headphone,Fantech,pice,1220,1420,0
46227,7A8FEE76-A614-4600-9E88-1DB7447C1A37,Fantech Gaming bluetooth headphone WH-03 Brige,P046226,Bluetooth Headphone,Fantech,pice,1920,2120,0
46204,9D608C2E-6E04-42A5-81C5-594EE76EDDDD,Fantech Gaming controller -WGP 14 Warranty 1 year ,P046203,Gamepad,Fantech,pice,3760,4000,0
46203,56E558C8-C546-4868-A75F-69C2F40DDEFE,Fantech Gaming controller shotter -WGP12 Warranty 1 year,P046202,Gamepad,Fantech,pice,2350,2600,0
46205,22ACD244-1055-4D7E-9A3D-621C6AC11D2F,Fantech Gaming controller-WGP15 Warranty 1year,P046204,Gamepad,Fantech,pice,3860,4100,0
46202,C85F6A32-44E8-4E57-A2FE-17CA23E6CBBC,Fantech Gaming GP-15 Controller Shotter Warranty 1 year,P046201,Gamepad,Fantech,pice,2750,3000,0
46487,46A57C48-B568-4959-ABB5-0D0C61287EF2,Fantech Gaming Headphone HG25 1 Year Warranty,P046486,Headphone,Fantech,pice,1650,1800,0
46490,982CE797-7526-4902-AF80-23D7A29E9B3E,Fantech Gaming Headphone HG29 1 Year Warranty,P046489,Headphone,Fantech,pice,1650,1800,0
46226,CEB765C8-3F3F-4470-96DF-6C1B28535BC8,Fantech Gaming Headphone MH88 1 Year Warranty,P046225,Headphone,Fantech,pice,1250,1450,0
46489,90E92EE6-0299-4D60-BA33-914B41BB0DA3,Fantech Gaming Headphone MH91  Warranty 1 Year,P046488,Headphone,Fantech,pice,2650,2800,0
46183,FBFCCDA3-6976-438D-B119-7D4B4DF3383E,Fantech Gaming Mouse G13 Warranty 1 Year,P046182,Mouse,Fantech,pice,460,600,0
46630,80B9BDF6-BF3F-42B5-B981-DA6B493F3891,Fantech Gaming mouse pad MP256,P046629,Mouse Pad,Fantech,pice,135,250,0
46631,9FE7F694-9232-4C10-9AD7-0D316905BE63,Fantech Gaming mouse pad MP296,P046630,Mouse Pad,Fantech,pice,185,300,0
46251,59CE2489-A646-4E51-8729-CDE6B3B65CC3,Fantech Gaming mouse pad MP35,P046250,Mouse Pad,Fantech,pice,300,400,2
46184,8572E4FD-81FC-4F99-8A33-B1B115AA176A,Fantech Gaming Mouse Pad MP806,P046183,Mouse Pad,Fantech,pice,500,700,0
46532,D26AFD7B-7E37-43BE-A243-B49C581D6E13,Fantech Gaming mouse pad MP806  Largest,P046531,Mouse Pad,Fantech,pice,550,700,3
46628,3FBCBB19-E000-481B-871D-E137392AE3DA,Fantech Gaming Mouse pad MP903 Size 900x400mm  Black,P046627,Mouse Pad,Fantech,pice,1275,1500,0
46629,C914E37B-AACD-45AC-9B9F-65CE01F5DFCD,Fantech Gaming Mouse pad MP903 Size 900x400mm  Grey,P046628,Mouse Pad,Fantech,pice,1275,1500,0
46496,4F959BB6-2CA1-4702-AA2B-A3A28BE1EB19,Fantech Gaming mouse VX6  Black 1 year warranty,P046495,Mouse,Fantech,pice,1070,1200,0
46495,6C850D2A-1115-4A9B-AFAF-8538934017F2,Fantech Gaming Mouse VX9   1 Year warranty,P046494,Mouse,Fantech,pice,650,700,0
46493,DA660217-F431-4B17-AB89-4733ACD0847A,Fantech Gaming mouse WG9 Black  1 year warranty,P046492,Mouse,Fantech,pice,1120,1200,0
46491,12F3A375-2EFE-4EAC-8214-3442FE7DA35E,Fantech Gaming Mouse X9  1 year warranty,P046490,Mouse,Fantech,pice,980,1100,0
46186,01D53FDE-505A-411D-BE56-2A373365CD1B,Fantech Gaming RGB Keyboard K511 Warranty 1 year,P046185,Keyboard,Fantech,pice,1050,1200,0
46185,30E9446E-9D4E-40B5-B5DD-A6D1220DE057,Fantech Gaming RGB Keyboard K515 Warranty 1 Year,P046184,Keyboard,Fantech,pice,750,850,0
46187,12B1793A-E847-47FB-823B-39621EBED2AB,Fantech Gaming RGB Keyboard Soldier K-612 Warranty 1 year,P046186,Keyboard,Fantech,pice,1900,2100,0
45908,C03B8C71-4401-464D-838A-C9DFB2D9B4FB,FANTECH GP12 REVOLVER Gaming Controller 1 Year warranty ,P45908,Gamepad,Fantech,pice,1450,1650,2
45907,79ED07FF-F8C4-49CD-AD19-E65DDC77F6C8,FANTECH GP13 SHOOTER II Gaming Controller 1 Year warranty ,P45907,Gamepad,Fantech,pice,1650,1850,1
45921,A9CAB911-F9AD-4433-B9CE-11167BE72CB9,Fantech Hellscream GS205 RGB Mobile Gaming & Music Speaker 6 Month Warranty ,P45921,Speaker,Fantech,pice,950,1150,2
45695,81E5FBD8-4344-4722-8CE4-495BB1CB9BF9,Fantech K211 GO Office Keyboard 01 year warranty,P45695,Keyboard,Fantech,pice,400,699,9
45697,2A2A524E-4F46-46FA-A5BC-1663B0D7548E,FANTECH K613L Fighter II Gaming Keyboard (With Num Pad) 01 year warranty ,P45697,Keyboard,Fantech,pice,1700,2000,1
45740,27B558DE-4725-4FF5-BE93-BF164A4D3B80,Fantech Mars II HQ54 Gaming Headset 06 month warranty,P45740,Headphone,Fantech,pice,800,1000,1
45698,74E7ACCE-FB22-4DD9-95A2-9983FCE82C5C,Fantech MAXPOWER MK853 Blue Switch RGB Mechanical Keyboard 01 year warranty,P45698,Keyboard,Fantech,pice,4500,5200,1
46415,C8A86138-724A-4EF9-A1C9-7DAD168966A9,Fantech Mechanical Keyboard Atom96 Mizu RGB Navy Blue Switch 1 Year  Warranty,P046414,Keyboard,Fantech,pice,2600,3000,0
45839,CF651522-BE8E-4AA6-B5AB-D66EFB9EC44B,Fantech MP-452 Gaming Mousepad,P45839,Mouse Pad,Fantech,pice,480,580,4
45838,62F69D77-CA73-4F68-91DD-387BA2ACD336,Fantech MP-64 Basic Gaming Mousepad,P45838,Mouse Pad,Fantech,pice,220,320,2
45738,B33C241F-2B6E-4E69-B635-8C77F365B553,Fantech Portal HQ55 gaming headset 06 month warranty,P45738,Headphone,Fantech,pice,1300,1500,1
45564,10BDA437-2438-4443-ACF3-F19FF9F3AD9D,Fantech RAIGOR II WG10 Wireless 2.4GHZ Pro-Gaming Mouse 01 year warranty,P45564,Mouse,Fantech,pice,650,850,2
45919,9DB21148-3B6A-42E1-8633-77AE2DBB8AD7,Fantech Sonar GS202 USB & 3.5mm Gaming Speaker (2:0) 6 Month Warranty,P45919,Speaker,Fantech,pice,950,1150,2
45739,C2825E9C-2F46-4F1A-8A89-0273799A1E5A,Fantech Spectre II HG24  7.1 virtual surround sound gaming headset 06 month warranty,P45739,Headphone,Fantech,pice,1700,1900,1
45833,ABE69A3E-884E-4023-ACA7-E7976793013A,Fantech SVEN MP-25 Gaming Mousepad,P45833,Mouse Pad,Fantech,pice,130,230,3
45834,F69C080F-76DD-4128-945B-86B8DF7E2D4D,Fantech SVEN MP-35 Gaming Mousepad,P45834,Mouse Pad,Fantech,pice,300,400,2
45835,91B48641-8808-4054-A470-AC93F1EF5BD3,Fantech SVEN MP-44 Gaming Mousepad,P45835,Mouse Pad,Fantech,pice,375,475,3
45644,50491B09-2180-47DC-942D-C461C0AECCCC,Fantech Tower AC3001 Headset stand,P45644,Laptop Stand/Cooler,Fantech,pice,550,650,2
45836,34798547-1990-4C71-83C0-7FE6BD89E70B,Fantech VIGIL MP-292 Gaming Mousepad,P45836,Mouse Pad,Fantech,pice,240,340,2
45837,A842597E-F11D-4F1C-ADB0-5E1E02F6E6F8,Fantech VIGIL MP-902 Gaming Mousepad,P45837,Mouse Pad,Fantech,pice,600,700,1
45562,6D0647A1-3CCA-48B9-B068-555279472D55,Fantech W190 Dual Mode Office Mouse 01 year warranty,P45562,Mouse,Fantech,pice,1000,1200,4
46394,A8419B75-6AC3-4901-94B8-9209862816ED,Fantech Wired Condeser Microphone Model: MCX  02   Year Warranty,P046393,Microphone,Fantech,pice,4650,5000,0
46393,D9677E15-CC92-4110-BE68-8D03C5B238A0,Fantech Wired Condeser Microphone Model: MCX 01  1 Year Warranty,P046392,Microphone,Fantech,pice,3450,4050,0
46395,B71F9AEC-3AAF-41D8-A97B-087B284E8B75,Fantech Wired Condeser Microphone Model: MCX 03  1 Year Warranty,P046394,Microphone,Fantech,pice,3000,3500,0
46494,17CD3915-8DFC-4D28-8D49-089BD75C0C59,Fantech wireless  Mouse Wg10 Black 1 year warranty ,P046493,Mouse,Fantech,pice,790,1000,0
46492,5B057602-6FA6-460A-B78D-595361F6CF38,Fantech Wireless Gaming Mouse WG12 Black 1 year  warranty,P046491,Mouse,Fantech,pice,725,800,0
46397,1B40A415-722F-476E-A0C5-6392075E027C,Fantech Wireless Lavalier Microphone  WMV21C Dual MIC 1 Year Warranty,P046396,Microphone,Fantech,pice,3150,3600,0
46396,7E7F92E1-BD1A-42DD-AE5E-04425A8FD081,Fantech Wireless Lavalier Microphone WMV11C Single MIC  1 Year Warranty,P046395,Headphone,Fantech,pice,2310,2600,0
46401,587B5701-8362-4900-941D-A206D2CB299D,Fantech Wireless Office Mouse  W-603  Black  1 Year warranty,P046400,Mouse,Fantech,pice,365,400,0
46409,F870C7F4-FF9A-4296-A48B-F99C990DB290,Fantech Wireless Office Mouse -W605 Beige  1 Year warranty,P046408,Mouse,Fantech,pice,365,400,0
46408,2ECB7853-8047-45C2-8388-88DC42EEF1D5,Fantech Wireless Office Mouse -W605 Black  1 Year warranty,P046407,Mouse,Fantech,pice,365,400,0
46410,90F32C20-9E4D-4AE0-A92E-0ECC7EA8372A,Fantech Wireless Office Mouse -W606 Black  1 Year warranty,P046409,Mouse,Fantech,pice,365,400,0
46411,28C21D39-98F6-4D8D-B005-95EF7BC90BA2,Fantech Wireless Office Mouse -W608 Blue  1 Year warranty,P046410,Mouse,Fantech,pice,365,400,0
46412,BAA027AC-22C5-4582-B891-211BAA60A33C,Fantech Wireless Office Mouse -W608 green 1 Year warranty,P046411,Mouse,Fantech,pice,365,400,0
46413,66847538-AD58-493D-81AC-0FE691DB317A,Fantech Wireless Office Mouse -W609 Purple  1 Year warranty,P046412,Mouse,Fantech,pice,365,400,0
46414,F436E0D4-A9D3-4419-A7A4-A6D80F9949C3,Fantech Wireless Office Mouse -W609 White  1 Year warranty,P046413,Mouse,Fantech,pice,365,400,0
46398,03130A41-DED5-4D53-991A-734D6976D9E0,Fantech Wireless Office Mouse GO W191 White  1 Year warranty,P046397,Mouse,Fantech,pice,455,500,0
46399,9A6AEB7B-CD3F-479B-B69D-29913BCFBCD1,Fantech Wireless Office Mouse GO W192 Black  1 Year warranty,P046398,Mouse,Fantech,pice,450,500,0
46400,F6963D94-7E49-4B77-8163-A85F9026AFBC,Fantech Wireless Office Mouse GO W193 Grey 1 Year warranty,P046399,Mouse,Fantech,pice,950,1000,0
46597,8514D72B-CC72-438F-9CB6-5A3912A8ED5F,FIFA 2025 edition for PS4 & PS5 (EAFC25),P046596,DVR,FIFA,pice,5000,5500,0
46111,577254BC-5404-47C1-BB24-EBAB4FD02052,FJgear 4 port  HDMI Splitter,P046111,Splitter,FJ GEAR,pice,900,1100,3
46023,0E4BB4CF-FF52-4D0C-A665-FF2720C855C4,FJGEAR HDMI Cable 1.5M,P46023,HDMI Cable,FJ GEAR,pice,175,275,11
46020,98B8A8D4-DAEC-4A0F-8D99-1519287E8CC9,FJGEAR HDMI Cable 10M,P46020,HDMI Cable,FJ GEAR,pice,620,720,8
46022,1D626267-F0AC-4B48-8688-84DE8F5B69C7,FJGEAR HDMI Cable 3M,P46022,HDMI Cable,FJ GEAR,pice,340,440,11
46021,68D6B794-3230-4747-94DA-5B255D9563B0,FJGEAR HDMI Cable 5M,P46021,HDMI Cable,FJ GEAR,pice,450,550,1
46041,B37645E1-E204-4AF5-9F74-23B8525C7DDD,FJGEAR USB  PRINTER Cable A/B 5M ,P46041,USB Printer Cable,FJ GEAR,pice,330,430,6
46043,F18377EA-211C-40B1-B8BF-31C08E8A0756,FJGEAR USB 2.0 PRINTER  Cable AM/AB 1.5M,P46043,USB Printer Cable,FJ GEAR,pice,150,200,1
46042,92C6B694-7DD3-4D16-901B-380E24B034A4,FJGEAR USB 2.0 PRINTER Cable AM/AB 10M ,P46042,USB Printer Cable,FJ GEAR,pice,675,775,5
46040,55F3029C-E2E1-4E38-9495-5D976FA2C806,FJGEAR USB Extension Cable A/F 5M,P46040,USB Extension Cable,FJ GEAR,pice,300,350,4
46740,CBE5C6B8-7F05-4FBF-A411-1575DAB1D459,FJGear VGA Cable 1.5 m,P046739,Cable,FJ GEAR,pice,180,220,3
46036,6BF6238C-A6EF-45DE-925A-BC2960A8191C,FJGEAR VGA Cable M/M 3M,P46036,VGA Cable,FJ GEAR,pice,280,380,6
46035,A6882C3C-CB29-4F60-A134-46A1BBCE3322,FJGEAR VGA Cable M/M 5M,P46035,VGA Cable,FJ GEAR,pice,420,520,4
46110,E16793D7-99A1-4D30-A95A-D0C6E6EDEA62,FJgear VGA Splitter 200Mhz4 port,P046110,Splitter,FJ GEAR,pice,550,700,3
46766,AFCDAB8A-77FF-4FC4-952F-CEB98F3F191F,Foneng 3.5MM wired Earphones Model T67,P046765,Ear phone,Foneng,pice,265,350,0
46223,C14B7168-705A-44C3-A548-D42844F73EF3,Foneng BL152 Noise Reductoin TWS Bluetooth Head phone Warranty 6 Months ,P046222,Ear buds,Foneng,pice,1260,1500,0
46221,5022A8D8-0FF2-46EC-9FFA-7E21720092F8,Foneng Gt100  22.5W 10000 mAh Fast charging  power Bank Warranty 1 Year,P046220,Power Bank,Foneng,pice,1420,1600,0
46587,B9883FBE-08E5-40BE-B9BB-0A7578B9D740,Foneng PX102  20000mAh Fast charge Power Bank 22.5 w 1 Year Warranty,P046586,Power Bank,Foneng,pice,1675,2000,0
46586,63E1BCC5-A0BC-4D33-B510-CA4321A3884B,Foneng PX103  30000mAh Fast  charge Power Bank 22.5 w 1 Year Warranty,P046585,Power Bank,Foneng,pice,2325,2800,0
46528,5DB5049A-2301-477B-AFA2-97358ADB6974,Foneng T15  stereo Earphone  3 Months Warranty,P046527,Ear phone,Foneng,pice,160,200,0
46529,7B4C5077-41E4-4945-A674-E16C2B47CC83,Foneng T52  stereo Earphone  3 Months Warranty,P046528,Ear phone,Foneng,pice,165,250,0
46224,1F3BAEAD-CE6F-418E-A810-60CD39102A80,Foneng T52 Metal stereo Earphone 1.2M Warranty 1 Month,P046223,Ear phone,Foneng,pice,165,250,0
46530,2643BD26-10B0-40A5-A24F-CDEA6AC68730,foneng T66 fully compatible type-C Earphone   3 Months Warranty,P046529,Ear phone,Foneng,pice,310,450,0
46531,812515A7-060B-462C-AABE-967FCBC69320,Foneng T67 Type-C Wired Earphone   3 Months Warranty,P046530,Ear phone,Foneng,pice,310,450,0
46762,24F88099-DBD6-4CD8-9369-FDDAE560E3EA,G & G Laser Monochrone Toner NT-CP211C-B for PC-211EV (1600 Pages),P046761,Toner,G & G,pice,900,1100,0
46521,146B0E99-83AE-43C0-BA24-3FE982872C1C,"G-Skill Trident Z5 NEO RGB DDR-5 6000Mhz 16GB RAM -F5-6000J3238F16GX2-TZ5NR  CL32-38-38-96 1.35V Product Life Time Warranty S/L#25030455539,25030455540",P046520,RAM,G-Skill,pice,7050,7250,0
45865,3317A41A-545C-480B-A6A2-4E4DFAF761A9,GAME VELLY A19-C13 BLACK Case,P45865,Casing,Game Velly,pice,1100,1300,1
45821,0B53EBBD-201C-4E79-8C2F-23E4096CA11E,Gaming Mouse Pad H-8,P45821,Mouse Pad,Non Brand,pice,60,110,5
45818,8E215A8D-4D90-4FCD-A88D-0C55E6D9DB61,Gaming Mouse Pad L-11,P45818,Mouse Pad,Non Brand,pice,50,100,13
45823,04B16AEF-C534-40DE-BCDC-2AC799A0AC5A,Gaming Mouse Pad L-16,P45823,Mouse Pad,Non Brand,pice,45,95,5
46283,B126E714-FE58-48C3-A580-45F0547EACF9,Geeo Multi-interface Adapter GB201 4 port Type C ,P046282,Hubs & Docks,Geeoo,pice,500,650,0
46009,0D089A14-6B35-420E-A93A-916F93F91649,Geeoo Ad-6 Headphone Jack Adapter Type-C to 3.5mm,P046008,Adapter,Geeoo,pice,250,350,3
45616,1A0EBE11-5F2B-4464-9204-FA49A56BFA0E,GEIL 4GB 1600 MHz DDR3 Laptop Green Ram ,P45616,RAM,Geil,pice,1400,1600,4
45617,BFFF6B9E-C2A0-4963-A2F6-1ACAE3F95BEB,GeIL Pristine 4GB DDR3 1600MHz Desktop RAM,P45617,RAM,Geil,pice,1400,1600,2
45495,BDC184AC-F8F4-499B-BC80-0716DDF639D0,Geil Zenith Z3 256GB 2.5 SATA  SSD,P000024,SSD,Geil,pice,2400,3100,2
45511,E04E8DC8-CB35-4422-87AE-B18837820ABD,Gigabyte 120GB  SSD 03 years warranty,P000039,SSD,Gigabyte,pice,1500,1700,1
46540,75EDA421-EC9E-45DA-84D2-8CD562757091,Gigabyte 240GB GP-GSTFS31240 GNTD 2.5 inch Internal  SATA SSD Read speed up to 500 MBPS Write speed up to 420 MBPS 3 Years Warranty,P046539,SSD,Gigabyte,pice,2150,2400,0
45510,743201BD-EC07-4EEA-BB56-1756CF093154,Gigabyte 256GB NVMe M.2 SSD 03 years warranty,P000038,SSD,Gigabyte,pice,2400,2500,5
46777,547C3D75-607A-4158-AADF-88FAFEC2BC60,Gigabyte AMD B650M S2H AM5 Micro ATX Motherboard  3 Years Warranty,P046776,Motherboard,Gigabyte,pice,13500,14000,0
46773,A6C80D6C-7A53-402C-8AD8-065C84127B03,"Gigabyte AMD chipset A520M K AM4 Micro-ATX Motherboard Supported CPU:5000/5000g/4000g/3000 Series Processor RAM:4XDDR4, up to 64GB, 5100(O.C.) Graphics output: 1XHDMI Port 1XM.2 Slot, Realtek GBE Lan 3 Years Warranty",P046772,Motherboard,Gigabyte,pice,8100,9000,0
46772,256027AD-17CE-4EBB-A327-02803F9F03E1,"Gigabyte AMD chipset B450M K AM4 Micro-ATX Motherboard Supported RAM:2XDDR4, up to 64GB, 3600(O.C.) Graphics output: 1XHDMI Port 1XM.2 Slot, Realtek GBE Lan 3 Years Warranty",P046771,Motherboard,Gigabyte,pice,8500,9000,0
46775,A33AE101-35B9-43B0-9F26-C30CAB4543C2,"Gigabyte AMD chipset B550M K  AM4 Micro-ATX Motherboard Supported CPU Ryzen 5000/5000G/4000G & 3000 Series processors  RAM:4XDDR4, Max 128GB, 4733(O.C.) Graphics output: 1XHDMI, 1X DP Port Features: GBE Lan 3 Years Warranty",P046774,Motherboard,Gigabyte,pice,11500,12500,0
46776,EB802933-7D0E-4682-90D1-A84A28A56A0D,"Gigabyte AMD#B650M Gaming WIFI, Socket AM5, PCIE 4.0X4 M.2 Connector, 2XDDR5DIMM, 4XSATA 6GB/S 3 Years Warranty",P046775,Motherboard,Gigabyte,pice,16500,17500,0
46709,BE639CFE-EB5F-4B1A-B0D3-0C559259142E,Gigabyte Aorus gaming Mouse #Aorus M2 6400 DPI 1 Year Warranty,P046708,Mouse,Gigabyte,pice,1000,1100,0
46710,4B716667-AC2F-4B44-A4E3-4C1941976AC2,Gigabyte Combo(Bangla) Keyboard +Mouse USB #KM6300  1 year warranty,P046709,Keyboard,Gigabyte,pice,950,1100,0
46088,1310374F-2912-4357-A45D-7F9CDFCE4B1D,Gigabyte GA-H81M-H DDR3 Intel Motherboard,P046088,Motherboard,Gigabyte,pice,8400,8700,3
46681,7E489D84-3965-4CC3-B8B8-5C1D92734E9F,Gigabyte GP-P450B 450 watt 80 plus bronze Certified Power Supply ,P046680,Power Supply ,Gigabyte,pice,3800,4000,0
46090,75377CF4-D824-4258-882F-8C878B47D76E,Gigabyte H610M H V2 DDR4 12th/13th Gen Intel Motherboard,P046090,Motherboard,Gigabyte,pice,11100,11500,1
46091,E63700EA-A61A-4E9B-B53A-226B070B688C,Gigabyte H610M S2H V2 DDR4 Motherboard  3 Years Warranty S/L#23433A044589,P046091,Motherboard,Gigabyte,pice,11300,11500,1
46089,2ECDC246-E48A-4CDC-A771-B32B22C4D2AA,Gigabyte H81M-H M.2 Motherboard in Bangladesh,P046089,Motherboard,Gigabyte,pice,8500,8800,1
46718,00FEDDDC-0FA9-4B52-8238-C10338B2D0C7,Gigabyte Intel Chipset H510 M- H V2 Micro ATX Motherboard  3 years warranty,P046717,Motherboard,Gigabyte,pice,9700,10500,0
46765,A2AE1D56-4FB7-4F10-B65A-C8C0D0166F0E,"Gigabyte Intel Chipset H510 M- K V2  LGA1200, 2XDDR4, 2XSATA  6GB/S Micro ATX Motherboard  3 years warranty",P046764,Motherboard,Gigabyte,pice,9600,10000,0
45915,6A1D3E1E-B5FE-4AAD-A3B3-1115D70A9F35,GIGABYTE NVIDIA GeForce GT 1030 2GB DDR4 2 Years warranty,P45915,Graphics Card,Gigabyte,pice,8500,9000,2
46688,A6ED619F-F5F0-46D1-B5D7-3D87D471CFEC,"Gigabyte Power Supply #GP-P650SS ICE,,80 plus silver certified gold",P046687,Power Supply ,Gigabyte,pice,6200,6500,0
46680,EBA376ED-13FD-4489-9638-88F47D38783E,"Gigabyte Power Supply #GP-UD850GM,Fully Modular design,80 plus gold Certified S/L#SN24303G008214",P046679,Power Supply ,Gigabyte,pice,13500,14500,0
46682,FC597EA7-08BE-428F-AEB7-BF597C50FD29,Gigabyte Power Supply GP-P750Bs 750 watt 80 Plus bronze Certified  S/L#SN24492Q004364,P046681,Power Supply ,Gigabyte,pice,7500,8000,0
45854,8BDC2DB5-310A-48AD-BDD8-29CC93F0EE3A,Golden Field 116B BLACK Case,P45854,Casing,Golden Field,pice,2000,2200,1
45702,26346180-8812-4F3B-B0D9-35A0F4394742,Golden Field GF-K101 Keyboard 01 Year warranty,P45702,Keyboard,Golden Field,pice,380,580,3
45701,A01A238D-272C-4A7F-9150-D6B52D71670E,Golden Field GF-K500 Gaming Keyboard 01 Year warranty,P45701,Keyboard,Golden Field,pice,830,1030,3
45700,00AF5FA3-3415-4FA1-A6E8-DAAFE779F99A,Golden Field GF-KM712W Wireless Mini Combo 01 Year warranty,P45700,Keyboard,Golden Field,pice,1230,1450,6
45586,3CE64968-750B-414A-AA7E-30ACAF0009F3,Golden Field GF-M101 USB Optical Mouse,P45586,Mouse,Golden Field,pice,250,350,8
45583,7E116372-81CC-47C4-86E3-39552E0368BE,Golden Field GF-M301 USB Optical Mouse,P45583,Mouse,Golden Field,pice,270,370,10
45582,A06FCB59-0EC8-47D3-99A6-769E58AFA88F,Golden Field GF-M501 Gaming Mouse,P45582,Mouse,Golden Field,pice,500,650,3
45584,5B601C7E-1969-48CD-BEBF-07A9868DB5A4,Golden Field GF-M601W Wireless Mouse,P45584,Mouse,Golden Field,pice,490,690,2
45707,E909C8D3-339C-41EF-B42B-304E47CBEF9F,Golden Field GF-MK800 Machanical Swich Gaming Keyboard 01 year warranty,P45707,Keyboard,Golden Field,pice,1850,2250,2
45585,9A07CC89-CF25-4D01-9FED-6014680F7B16,Golden Field GF-P007 Wireless Mouse,P45585,Mouse,Golden Field,pice,300,490,35
45850,71D05896-F056-433C-8B13-55B3D1589CAB,Golden Field Honor 2 White,P45850,Casing,Golden Field,pice,3400,3600,3
46579,1E7BBFA6-CB42-43D1-8373-5F0BA5650C98,Golden field N95B ATX Gaming case  S/L#GFN95B2521701,P046578,Casing,Golden Field,pice,3300,3700,0
45855,90B2102D-F01B-419A-B692-C38C0DF9878B,Golden Field Q21B BLACK Case,P45855,Casing,Golden Field,pice,2000,2200,1
45852,4B854171-F4CB-49E8-8996-C70D87E084A3,Golden Field XH10I BLACK Gaming Case,P45852,Casing,Golden Field,pice,3300,3500,1
45851,F1451902-2498-46CC-986B-56ABB9AE95B2,Golden Field XH11i ATX Gaming Case BLACK,P45851,Casing,Golden Field,pice,3300,3500,1
45853,E5285A9C-8E87-40D3-8F90-1E6696D8E7AC,Golden Field XH2I BLACK Gaming Case,P45853,Casing,Golden Field,pice,3300,3500,1
46165,74E1E1D5-4725-435F-AD6B-CC6445634692,Habit H691 3 in 1 USB cable 1.2 m,P046165,Cable,Havit,pice,300,400,1
46166,321FEBA8-6430-4993-8FD6-CF6BD2E58A2F,Habit HV-CB8610 1.0 m USB to Micro cable ,P046166,Cable,Havit,pice,100,150,1
46284,4A29D933-C71D-4C4E-86EB-9D2525620A32,Havit  KB220BT Mini Bluetooth Keyboard 1 year Warranty,P046283,Keyboard,Havit,pice,980,1100,0
46430,773368D7-4D58-42B5-9FCF-DCA5D349A9C0,Havit F2083 Laptop Cooling Pad  6 months Warranty,P046429,Casing Fan,Havit,pice,990,1100,0
46771,98162CA9-095F-46BE-800E-20EDBAA4B619,Havit Fuxi-H5d Gamenote 3.5MM Gaming Headphone  1 year Warranty,P046770,Headphone,Havit,pice,1290,1500,0
45650,7DAFB956-5112-47AE-BDB0-EA980221EFA3,Havit Gamenote F2069 Gaming cooling pad,P45650,Laptop Stand/Cooler,Havit,pice,1600,1800,2
45649,0107AAF8-E3A7-46BF-A512-26090710DB31,Havit Gamenote F2078 Gaming cooling pad,P45649,Laptop Stand/Cooler,Havit,pice,1200,1400,2
45909,27F6B812-5383-4195-BCAA-D7F84FDF1C43,Havit Gamenote G171 Gamepad 6 Month warranty ,P45909,Gamepad,Havit,pice,790,990,2
45911,0D699020-D8E7-4A46-B37B-ECAD7CFE4ADD,Havit Gamenote G176 Gamepad 6 Month warranty,P45911,Gamepad,Havit,pice,950,1150,2
45730,94D151E2-01D1-442E-AAE2-07FC51E98AAE,Havit gamenote GK56 RGB gaming MIC 06 month warranty,P45730,Headphone,Havit,pice,850,1050,1
45727,B00B9944-5405-41F8-AECB-92318C7B79FD,Havit Gamenote H2002d USB 3.5 gaming headphone 06 month warranty,P45727,Headphone,Havit,pice,2300,2500,1
45716,6C2C8DE5-A8D8-4332-ABB1-EFBC9AFC73C6,Havit Gamenote H2002P USB 7.1 gaming headphone 06 month warranty,P45716,Headphone,Havit,pice,3150,3350,1
45715,70342606-1F89-428F-8DCD-50081774E139,Havit Gamenote H2013d 3.5MM gaming headphone 06 month warranty,P45715,Headphone,Havit,pice,900,1100,3
45728,DB09A5DA-EBC0-4172-853F-2B8EF206ADD5,Havit Gamenote H654U USB 7.1 gaming headphone 06 month warranty,P45728,Headphone,Havit,pice,1500,1700,1
45718,F9E63D3C-B69A-4304-AF89-7AC3D5F44AE2,Havit Gamenote HV-2035u USB 7.1 gaming headphone 06 month warranty,P45718,Headphone,Havit,pice,2000,2200,1
45646,305FC9E0-9D1E-4E89-9C25-B969713CE156,Havit Gamenote HV-F2027 Gaming cooling pad,P45646,Laptop Stand/Cooler,Havit,pice,1000,1200,2
45645,CFDEA69C-1BCC-4B29-A8D9-D5F5CE42B2E9,Havit Gamenote HV-F2051 Gaming cooling pad,P45645,Laptop Stand/Cooler,Havit,pice,950,1150,1
45647,84E5239F-8ACD-4E0F-85C9-069230EC5B83,Havit Gamenote HV-F2075 Gaming cooling pad,P45647,Laptop Stand/Cooler,Havit,pice,850,1050,2
45648,674BD79E-A94C-4C3A-A40A-87B5339A551D,Havit Gamenote HV-F2076 Gaming cooling pad,P45648,Laptop Stand/Cooler,Havit,pice,1050,1250,1
45912,D439B2F1-73EE-4882-9F3C-861B3A9FB888,Havit Gamenote HV-G69 USB Gamepad with vibration 6 Month warranty,P45912,Gamepad,Havit,pice,500,700,2
45910,3550CCE5-FA6C-4B4D-945A-F14D01C02CE6,Havit Gamenote HV-G92 12 Function Gamepad 6 Month warranty,P45910,Gamepad,Havit,pice,730,930,2
45717,7FB5F680-646D-44CB-AFF6-65BFC794AD57,Havit Gamenote HV-H2032d USB 3.5 gaming headphone 06 month warranty,P45717,Headphone,Havit,pice,1000,1200,2
45726,61C65BC2-F92D-4695-84E7-E4EC45A677F9,Havit Gamenote hv-h2239d 3.5mm audio jack + usb gaming headphone 06 month warranty,P45726,Headphone,Havit,pice,1000,1200,1
45676,656E351E-DA85-48DF-B22A-324FDE42D6E5,HAVIT GAMENOTE HV-KB585GCM Wireless Keboard and Mouse 06 Month warranty,P45676,Keyboard,Havit,pice,1150,1350,2
45555,E4161565-1D5D-43A7-BC88-CCEFE2A73794,HAVIT Gamenote HV-MS1030 RGB backlit gaming mouse 06 month warranty,P45555,Mouse,Havit,pice,450,650,5
45557,BFCC85D7-A387-4D28-A16C-E0F323A197E0,HAVIT Gamenote HV-MS1034 white RGB backlit programmable gaming mouse 06 month warranty,P45557,Mouse,Havit,pice,750,950,2
45556,5F1DF2B1-B49A-4F25-B8C7-24B579E0CDBE,HAVIT Gamenote HV-MS1036 RGB backlit programmable gaming mouse 06 month warranty,P45556,Mouse,Havit,pice,750,950,6
45679,1C6A461F-719D-4A19-A1D8-B931F9AA86AE,HAVIT GAMENOTE KB488L Multi-functional backlit gaming keyboard 06 Month warranty,P45679,Keyboard,Havit,pice,900,1400,1
45677,23EC6DFD-0C5B-45EA-97A0-CA07E228370D,HAVIT GAMENOTE KB885L RGB Backlit Mechanical Gaming keyboard 06 Month warranty,P45677,Keyboard,Havit,pice,3900,4500,1
45678,25A52AE5-9294-4542-8406-E92CF4B7AB63,HAVIT GAMENOTE KB889CM Gaming Combo Mouse & Keyboard & Mouse Pad 06 Month warranty,P45678,Keyboard,Havit,pice,1500,1900,1
45559,36A1149F-0470-44AF-8791-506E43B30CE8,HAVIT Gamenote MS1022 RGB backlit gaming mouse 06 month warranty,P45559,Mouse,Havit,pice,750,950,1
45560,C9A57583-F7BC-48EB-A361-E7A669DCB00F,HAVIT Gamenote MS1029 RGB backlit gaming mouse 06 month warranty,P45560,Mouse,Havit,pice,500,700,3
45558,B4DE4203-1BCA-4C15-B97A-A28BDE7FB7B7,HAVIT Gamenote MS959 RGB backlit programmable gaming mouse 06 month warranty,P45558,Mouse,Havit,pice,1300,1500,1
45951,7D6BFC28-4D4E-4CB1-8287-6F92E66D4F48,Havit Gamenote SK202 Speaker 6 Month Warranty,P45951,Speaker,Havit,pice,1050,1250,2
45945,2194A4A4-36AE-4434-8912-8A0177AD6F78,Havit Gamenote SK700 Speaker 6 Month Warranty,P45945,Speaker,Havit,pice,900,1100,2
45721,DB0B6D0F-8659-4672-9204-55FA1E82B82E,Havit H100D wired portable folding headphone 06 month warranty,P45721,Headphone,Havit,pice,600,800,1
46377,5641ADAB-EB9E-4F99-BCD8-0DB052B34578,Havit H2007U Gaming Headphone  With Microphone  6 Months Warranty,P046376,Headphone,Havit,pice,2190,2400,0
46378,D834852D-2A1F-47EA-ACC5-F54F4749984D,Havit H2015E Gamenote  3.5MM Gaming Headphone With MIC  6 Months Warranty,P046377,Headphone,Havit,pice,2090,2300,0
46379,62365748-4B23-4316-B712-27292731D717,Havit H2016D Gamenote 3.5MM Audio Jack+USB Gaming Headphone With MIC  6 Months Warranty,P046378,Headphone,Havit,pice,1550,1750,0
45731,E14E90DD-AEFB-4D0F-9B36-116F980FDF04,Havit H202d wired pc headphone 06 month warranty,P45731,Headphone,Havit,pice,300,500,1
46380,DB6E39EC-E34D-4783-8AF9-F6B059EF88D1,Havit H2042D Gamenote 3.5MM RGB Gaming Headphone With MIC  6 Months Warranty,P046379,Headphone,Havit,pice,1190,1400,0
45729,23C847AB-B7B6-4B38-B18E-2BB42EC061C6,Havit H205d Wired PC Headphone 06 month warranty,P45729,Headphone,Havit,pice,400,600,1
45725,DAB653DC-0028-4632-80CC-A9EE80AA94FC,Havit H214U Omni-Directional Microphone wired USB headphone 06 month warranty,P45725,Headphone,Havit,pice,1200,1400,1
45723,9DAB34FA-0916-4D3B-BE7A-78B28B55E1E4,Havit H610BT wireless over-ear headphone 06 month warranty,P45723,Headphone,Havit,pice,800,1000,1
45722,2EEBB4CA-69DE-4EAC-9047-A78837C0F7C8,Havit H619BT multi-function wireless headphone 06 month warranty,P45722,Headphone,Havit,pice,1000,1200,1
45724,6285AD31-A4DC-4B88-AC8A-3BBC7F38690C,Havit H633BT wireless over-ear headphone 06 month warranty,P45724,Headphone,Havit,pice,1200,1400,1
45732,B170D99F-0CFD-42BE-80E1-9FEF44B9DF0E,Havit HV-2105d Wired stereo headphone 06 month warranty,P45732,Headphone,Havit,pice,400,600,1
45719,7700F02E-2B5F-4F37-BB1D-79FEACE66BAB,Havit HV-H2218d wired colorful music headphone 06 month warranty,P45719,Headphone,Havit,pice,600,800,1
45720,323CB41A-821F-4DD6-A31B-90BD5BDF2471,Havit HV-H2590BT multi-function wireless headphone 06 month warranty,P45720,Headphone,Havit,pice,800,1000,1
45810,7CA310F8-FB4B-461A-A1CB-ED32CD73276A,Havit HV-HN02G HD PRO WEBCAM 6 Month warranty,P45810,Webcam,Havit,pice,1800,2000,1
45675,293853DE-CF75-4861-A282-271FEDCB7022,HAVIT HV-KB224 Multimedia Keyboard 1 year warranty,P45675,Keyboard,Havit,pice,460,660,10
45674,9F9BCBA6-076F-47EC-81D1-0F20146BDA1E,HAVIT HV-KB327 Multimedia Keyboard 06 month warranty,P45674,Keyboard,Havit,pice,450,650,2
45552,BFE5F448-B290-4F6F-924D-8032782DC450,Havit HV-MS66GT Wireless Optical Mouse 06 month warranty,P45552,Mouse,Havit,pice,400,600,1
45550,690A5D3F-6466-43AA-A822-233C3D2D9901,HAVIT HV-MS689 Small and Exquisite Design Optical Mouse  06 month warranty,P45550,Mouse,Havit,pice,200,400,3
45551,96B6541A-32AB-4186-AEC2-AC4A7D482A8F,HAVIT HV-MS689 Small and Exquisite Design Optical Mouse 06 month warranty,P45551,Mouse,Havit,pice,200,400,4
45554,8FDFC90A-40F8-4632-8CCC-5886F899AC42,HAVIT HV-MS732 RGB backlit Programmable gaming mouse 06 month warranty,P45554,Mouse,Havit,pice,600,800,1
45553,D3128B70-52EF-4397-A5F8-EAC37FE04FDD,Havit HV-MS981GT Wireless Optical Mouse 06 month warranty,P45553,Mouse,Havit,pice,300,500,1
45809,1D3A35D1-CCD7-423F-ADE5-5DD504B22E2C,Havit HV-N5085 4K PRO HD WEBCAM 6 Month warranty,P45809,Webcam,Havit,pice,2650,2850,1
45875,C3C1BB3A-CF65-4C68-9070-80A779FF39F8,Havit HV-SC055 LCD Screen cleaning kit ,P45875,Cleaner kit,Havit,pice,170,250,9
46684,3D956C84-A96E-49F7-9AEA-F32BC7BD9666,Havit KB249 wired mini Ultra USB keyboard ,P046683,Keyboard,Havit,pice,480,550,0
46686,F678A1B7-CC78-442A-B3F7-962F0A9718A5,Havit KB271 Ultra -Thin wired USB Keyboard,P046685,Keyboard,Havit,pice,380,450,0
46685,05829328-BE25-4EEA-A8B7-8FCAAAC88BE9,Havit KB376 Slim design wired USB Keyboard,P046684,Keyboard,Havit,pice,390,450,0
45680,AD1D133A-AADA-4CCE-B141-F2C246850F5D,Havit KB389L Mechanical Gaming Keyboard & Mouse Combo 06 month warranty,P45680,Keyboard,Havit,pice,3000,3500,1
46431,87546210-2FE6-4BCB-9834-710B09D40CA2,"Havit KB501CM Gamenote Wired Gaming Keyboart,Mouse,Headphone & Mouse Pad 4 in 1 combo  6 Months Warranty ",P046430,Keyboard,Havit,pice,1950,2200,0
46763,200BE383-E3E7-4166-BAF1-AC637B13FAAA,Havit KB893L Bachlit Mechanical USB Gaming Keyboard  1 Year Warranty,P046762,Keyboard,Havit,pice,2650,3000,0
46687,7FBE635F-756B-4343-B734-EAF324032610,Havit Kb895L Multi-Function Backlit wired USB Keyboard,P046686,Keyboard,Havit,pice,1290,1450,0
46764,D435E4DF-5997-4DB8-AE00-2EBE3BB618FB,Havit KB926L RGB Backlit 104 Keys Mechanical Gaming Keyboard  1 Year Warranty,P046763,Keyboard,Havit,pice,2500,2800,0
46169,8ECD2CF5-3088-4119-89C0-5FA1C14BE61B,Havit laptop power cable,P046169,Cable,Havit,pice,170,250,6
46613,DD7F6120-F450-492F-A14F-518EFC8EDC00,Havit Mouse Pad MP-846,P046612,Mouse Pad,Havit,pice,100,120,2
45828,294A1790-2873-4335-8537-82EAB55DC1B2,Havit MP-837 Mousepad,P45828,Mouse Pad,Havit,pice,100,150,5
45829,9D1CF7CE-6F17-459B-935E-FC00AD316BBA,Havit MP-838 Mousepad,P45829,Mouse Pad,Havit,pice,100,150,5
45830,A650D028-1A34-42ED-BF39-6B625B2F80EF,Havit MP-839 Mousepad,P45830,Mouse Pad,Havit,pice,100,150,5
45831,96E0FAA1-0BAC-40B6-8DFB-3DCD6DD69EBC,Havit MP-846 Mousepad,P45831,Mouse Pad,Havit,pice,100,150,5
45827,ABAF6D5F-CCFC-4213-BEAD-FC315FEB57C8,Havit MP-860  Gaming Mousepad,P45827,Mouse Pad,Havit,pice,390,490,5
46285,AE2626FD-64CA-46BF-8610-E1CF8769090A,Havit MS753 USB optical Mouse,P046284,Mouse,Havit,pice,190,220,0
45916,F383D77D-D416-420C-AF1C-5888ADD5D1E3,Havit PJ207 110 Lumens HD 720p Wi-Fi Screen Mirroring Portable Projector,P45916,Projector,Havit,pice,9700,10700,2
46209,1F673774-FC57-439B-B154-066C242BF523,Havit SF 149BT Portable blue tooth BAR Speaker Warranty 6 months,P046208,Bluetooth Speaker,Havit,pice,2250,2600,0
45939,19CFD37C-8548-4107-B130-7317A761B07A,Havit SF112BT Multi function 2:1 USB Speaker 6 Month Warranty ,P45939,Bluetooth Speaker,Havit,pice,1300,1500,3
45940,4CDBC6DC-966C-485B-BCC0-B0B755582C36,Havit SF140BT Multi function 2:1 USB Speaker 6 Month Warranty ,P45940,Bluetooth Speaker,Havit,pice,1500,1700,2
45943,28089B96-7B71-4A0D-A09E-17A1A5861317,Havit SF153BT  Speaker 6 Month Warranty,P45943,Bluetooth Speaker,Havit,pice,2000,2200,1
45942,5139E828-C90B-4227-935E-E8B298D9143A,Havit SF154BT Speaker 6 Month Warranty,P45942,Bluetooth Speaker,Havit,pice,1900,2100,1
45950,0F42CBA3-A738-4610-A012-DA34A8C21955,Havit SF156 Speaker 6 Month Warranty,P45950,Speaker,Havit,pice,1800,2000,1
45938,0936ED15-FC80-4570-BEA4-90A95254EC78,Havit SK473 2.0 usb Speaker 6 Month Warranty ,P45938,Speaker,Havit,pice,415,550,3
45936,532A44F5-E697-4D78-98CB-8E557EE31ECF,Havit SK486 2.0 usb Speaker 6 Month Warranty ,P45936,Speaker,Havit,pice,415,500,1
45952,19E4B4D8-FDFB-4D1E-82AD-66DCB883260A,Havit SK578BT Speaker 6 Month Warranty,P45952,Bluetooth Speaker,Havit,pice,1050,1250,1
45948,5698CF37-FFA5-47A0-8717-9CED9AA42BCC,Havit SK708BT Speaker 6 Month Warranty,P45948,Bluetooth Speaker,Havit,pice,650,850,1
45946,C492A658-9383-460B-B9E3-662372AE06EC,Havit SK755BT Speaker 6 Month Warranty,P45946,Bluetooth Speaker,Havit,pice,1250,1450,1
45947,F51B2EAF-FB21-4CC3-9AAF-9370F988B031,Havit SK763BT Speaker 6 Month Warranty,P45947,Bluetooth Speaker,Havit,pice,650,850,2
46337,95388D5D-09B5-4579-9FD2-28F05C143116,Havit SK818BT mini Portable Karaoke Bluetooth Microphone Wireless RGB Speaker  1 Year Warranty,P046336,Bluetooth Speaker,Havit,pice,1690,1900,0
45937,9957C925-5C4E-495D-98DD-651527CC8BFD,Havit SK819BT Speaker 6 Month Warranty ,P45937,Bluetooth Speaker,Havit,pice,1550,1750,5
45941,DB2730A9-C63C-4533-9AFB-0142BE8E6EBA,Havit SK841BT  Speaker 6 Month Warranty,P45941,Bluetooth Speaker,Havit,pice,1800,2000,1
45944,B7AF365E-EC74-47AE-9FB7-9D3DC82D23D5,Havit SQ111BT Speaker 6 Month Warranty,P45944,Bluetooth Speaker,Havit,pice,1700,1900,1
45949,455900E9-D248-4C04-BC5D-4AAD67577697,Havit SQ116BT out door speaker with microphone 6 Month Warranty,P45949,Bluetooth Speaker,Havit,pice,3600,4000,1
46039,13DBC2E0-709D-47A6-9B3D-BB85B418F18A,Havit VGA Cable 1.5M,P46039,VGA Cable,Havit,pice,170,270,10
46113,09306597-6BD3-485E-B881-DB1F6DFF4F21,Havit Wireless outdoor portable speaker,P046113,Bluetooth Speaker,Havit,pice,1200,1400,1
46051,B22DBC7B-BE32-446C-B0B4-BA816043416A,Haylou GT1 pro,P046051,Ear buds,Haylou,pice,1450,1650,2
46145,B8C589C5-1386-4DB5-9870-E1E5F50795D5,"HDMI cable for Plasma, LCD, Audio Equipment  Flat 5 m",P046145,HDMI Cable,Non Brand,pice,250,300,5
46334,D17FB908-C1DF-4164-9137-5278224878E9,Hi-Fi Stereo 3.5 MM  Braided 4 Pole Audio Cable  2 meter,P046333,Cable,Non Brand,pice,270,350,3
46127,B40179F5-2302-4C21-B90C-68FE09A92F16,High Quality Head phone,P046127,Ear phone,Non Brand,pice,1055,1255,2
46609,9BEEE7FD-522B-42D8-9BBA-D0A9638AE6D4,"Hiksemi Future 512 Gb PCLE Gen 4x4, NVME SSD, 80.15mmx22.15mmx2.38mm upto 7050 MBps Read speed , 4200 MBps Write speed  5 years warranty  S/L#30174526012",P046608,SSD,HIKSEMI,pice,5800,6500,0
46747,673CEA58-2E76-4220-AC1E-F4F6ABD853F3,"Hiksemi HS-SSD WAVE(S) 256G 256GB SATA SSD/3D NAND/SATA lll 6 GB/S SATA ll 3 GB/S up to 530 MB/S Read Speed , 400MB/S Write Speed  3 Years Warranty",P046746,SSD,HIKSEMI,pice,3300,3600,0
46384,C915989D-6C9C-4193-9E3C-61A7EF4D3FCB,"Hikvision  DS-1LN6U-ZCO Cat 6 Network Cable,U/UTP CAT 6-4P-PVC-CM,Color: Orange  305 M",P046383,Cable,HIK VISION,pice,10500,11500,0
46000,3AF6D04F-4743-437D-9CB5-20D5BF4B81B4,Hikvision -1LN6U-WCCA UTP caregory CAT-6Cable Color: White,P045999,Cable,HIK VISION,pice,23,28,305
46001,6C026E14-2B78-4F91-ACB1-E98864F94A6A,Hikvision -1LN6UU/CCA UTP caregory CAT-6Cable Color: Grey,P046000,Cable,HIK VISION,pice,2900,3400,1
45637,0F4EA97F-45CD-4385-954F-694CBCFE9FB2,Hikvision 16GB DDR4 3200MHz UDIMM Desktop RAM,P45637,RAM,HIK VISION,pice,3300,4200,2
46199,B0447CB3-DE37-437A-8759-9C396A903179,Hikvision 7100 Series  2 MP Turbo HD DVR DS-7108HGHI-K1 warranty 1 year,P046198,DVR,HIK VISION,pice,3000,3500,0
45636,19A7B3D6-6F98-4AEA-BC93-8AEBDCBCED65,Hikvision 8GB 3200MHz DDR4 Laptop RAM,P45636,RAM,HIK VISION,pice,1800,2000,2
46382,5C5A2A32-6A2F-443D-A57C-07ADC7F8C3CF,Hikvision CC Camera Bullet DS-2CE10KFOT-FS 3K With Audio Video Full Color  5MP Camera 1 Year Warranty,P046381,Camera,HIK VISION,pice,3200,3400,0
46383,0BB80810-ACBF-4D1D-8BFA-17C925DB387E,Hikvision CC Camera Doom DS-2CE70KFOT-MFS 3K With Audio Video Full Color  5 mp Camera1 Year Warranty,P046382,Camera,HIK VISION,pice,3200,3400,0
46017,E540A174-B67A-4FE1-9D1A-BC533FA5848F,Hikvision DS-1H18S/E HD Video Balun,P046016,Balun,HIK VISION,pice,220,300,10
46518,84621BBC-CCF9-445B-9BC4-A283C8E2AE22,"Hikvision DS-2CE10DFOT-FS 2 MP Full time Color Bullet Audio Camera Built in MIC,20 Meter IR distance,Lens 3.6MM",P046517,Camera,HIK VISION,pice,1800,2150,0
45795,6DAB696E-CC4B-4419-A910-E13E086C95AB,Hikvision DS-2CE16D0T-ITF 2MP Bullet CCTV Camera,P45795,Camera,HIK VISION,pice,1850,2050,9
45796,79C1E7A0-54B3-43E5-AE2C-03FD11C0D272,HIKVISION DS-2CE16D0T-ITPFS,P45796,Camera,HIK VISION,pice,2050,2250,2
46519,3E7E1C95-5462-4C5A-B1D5-83897871A93A,"Hikvision DS-2CE70DFOT-MFS 2 MP Full time Color Dome Audio Camera Built in MIC,20 Meter IR distance,Lens 2.8MM",P046518,Camera,HIK VISION,pice,1800,2100,0
45475,2D7A6679-2F33-4CCF-A6FA-E7F52077B491,"Hikvision DS-D5022F2-1P1 21.5"" 100Hz 1ms FHD IPS Monitor    3 years  warranty  S/L#30122007201",P00004,Monitor,HIK VISION,pice,8500,8700,2
46705,8CBC29FF-A36B-4186-8DA5-669FC780BA1A,"Hikvision DS-D5022f2-CBD Monitor 21.5 inch, FHD 1920X1080, IPS. E-LED, VGA & HDMI, 100HZ, 1 MS,Black 3 Years Warranty",P046704,Monitor,HIK VISION,pice,9600,10200,0
45509,696A0586-AECC-457D-8CD3-644ACC7A358F,HIKVISION E1000 256GB PCIe Gen3X4 NVMe SSD 3 years warranty ,P000037,SSD,HIK VISION,pice,2100,2400,1
45797,D2456092-FFBD-4169-8358-3F604B054448,Hikvision iDS-7116HQHI-M1/S 16 Channel 7100 SERIES TURBO HD DVR,P45797,Camera,HIK VISION,pice,6800,7500,1
46325,92A12FB7-ECF4-427F-BC14-63EB5D96B8A5,Hp  Advantage Ink Cartridge 680  Color,P046324,Color,HP,pice,1090,1250,0
45709,E6B3FE97-2E69-4DB1-BDD4-BE1AB8741D97,HP 100 USB Keyboard,P45709,Keyboard,HP,pice,550,700,1
46083,96BB2153-7C03-4434-88C1-FCFD89A760C5,"HP 15s-FQ5620TU Core i5 12th Gen 15.6"" FHD Laptop 02 Years warranty",P046083,Laptop,HP,pice,79500,80000,1
46082,9F357E9C-766D-4F78-B68C-0EA4DB59B142,"HP 15s-fq5786TU Core i3 12th Gen 15.6"" FHD Laptop 02 Years warranty",P046082,Laptop,HP,pice,63500,64000,1
45811,5362C3DB-E367-436A-A043-D748F6ECCFC9,HP 24mh 23.8-inch FHD IPS Monitor 03 Years warranty,P45811,Monitor,HP,pice,17000,20000,1
45693,9F075401-89C6-44A7-81E1-5814DB711B88,HP CS700 Wireless keyboard and mouse combo,P45693,Keyboard,Non Brand,pice,550,750,2
45778,CE167654-19F9-40EA-84D7-4F56BC694501,HP Desk Jet Ink Advantage 2775 AIO Printer Black 7.5ppm Color 5.5ppm 180 GHz Wi-Fi 4WS03B  1 Year warranty  S/L#CN2B2DZKRX,P45778,Printer,HP,pice,8000,8500,1
45771,EB30232C-F77D-4F16-801D-7D6D3B1969F7,HP GT52 Original HP Ink Cyan,P45771,Color,HP,pice,850,900,5
45770,8F89D705-BAE7-48AC-844A-90C9C1BFB3B7,HP GT52 Original HP Ink Magenta,P45770,Color,HP,pice,850,900,5
45769,7A567EE4-751D-45A7-A0AA-CB5E43C20CA9,HP GT52 Original HP Ink Yellow,P45769,Color,HP,pice,850,900,5
45772,4C16E71C-D884-416E-A92B-94259B1E73BA,HP GT53 Original HP Ink Black,P45772,Color,HP,pice,850,850,4
45763,11D040B0-B1A3-4AB3-9F4F-E69300348CFD,HP Ink Advantage 680 Black,P45763,Toner,HP,pice,1125,1250,0
45764,03B7E7CF-5342-403A-A580-758167A9DBC2,HP Ink Advantage 682 Black,P45764,Toner,HP,pice,1125,1250,8
45762,4886B3AA-A95C-4AB6-BE18-CA9BC9F16D9A,HP Ink Advantage 682 Tri-Colour,P45762,Toner,HP,pice,1125,1250,6
45773,0BE884E7-AECE-4A77-BB9C-9A7632C09929,HP Ink Tank 319 1 Year warranty,P45773,Printer,HP,pice,17000,17500,1
45710,84D3018A-DE5F-48EB-89FD-8617179150E2,HP K600 Multimedia Keyboard,P45710,Keyboard,Non Brand,pice,260,360,20
46074,22ADB3B5-A5CB-46C8-884D-8FC9CA5EE648,HP Laptop Adapter 18.5V 3.5A,P046074,Adapter,Non Brand,pice,300,450,2
46075,CAFB0F01-303C-4E9A-890A-E75DF15902A0,HP Laptop Adapter 19.5V3.3A Bluepin,P046075,Adapter,Non Brand,pice,370,550,4
46076,49B6E109-A2C4-482D-B333-38ECECDBD011,HP Laptop Adapter 19V 4.74 A big port,P046076,Adapter,Non Brand,pice,350,450,2
45774,832745FC-6684-48C5-8759-795A574D54A1,HP Laser MFP 135w Multifunction Mono Laser Printer 1 Year Warranty  S/L#CNB1Q4QVQV,P45774,Printer,HP,pice,20500,21500,1
46134,FFDEBFD0-AC11-493E-BE51-437C6F38E310,HP M100G Wireless Mouse,P046134,Mouse,Non Brand,pice,200,250,4
45473,A9DA0C5F-7B50-4D54-A565-4125A2FCD516,"HP M22f 21.5"" FHD I PS  borderless  Monitor resolution 1920x1080, Display;IPs.75Hz,5ms, Port; HDMI,VGA  Free Sync,Low blue light,Anti-glare 3 Years Warranty. S/L#3CM5081Z830K6",P00002,Monitor,HP,pice,14500,16000,1
45812,75D2766E-2BF8-478F-A685-6826F7435A45,HP M24fwa 23.8-Inch 75Hz FHD IPS Monitor 03 Year warranty,P45812,Monitor,HP,pice,18300,19500,1
45987,5226F8A1-30FA-4679-A44E-AB20038261D1,HP original keyboard HP100,P045987,Keyboard,HP,pice,550,550,2
46135,891DE10F-FB36-40A0-8DBE-B402A8FF1FD4,Huawei 2.4 Ghz Wireless mouse,P046135,Mouse,Non Brand,pice,380,500,5
45849,913C5960-7564-48D5-B462-180DC9B27983,Huntkey PZC504 Power Strip 3M 3Y,P45849,Power Strip,Huntkey,pice,1600,1800,5
45848,A08A3BC5-6833-402C-925F-6841844CB124,Huntkey SZM401 Power Strip 3M 3Y,P45848,Power Strip,Huntkey,pice,600,700,9
46172,AD77FE76-391F-4674-B575-FCC467D4AFD8,Huntkey SZM604 powe strip            ,P046172,Power Strip,Huntkey,pice,850,1000,1
46192,900191E0-010E-4605-B6DA-E45176FF2C11,Huntkey SZM804 Eight socket Power Strip 3 years warranty,P046191,Power Strip,Huntkey,pice,1500,1700,0
45847,51F487A5-163F-4518-AAA7-AE66E799D326,Huntkey SZN501 Power Strip 3M 3Y,P45847,Power Strip,Huntkey,pice,1250,1350,7
45981,67001C08-E73D-471E-AD59-0D705C6B1F21,ICE Prime Premium ENC TWS Earbuds,P045981,Ear buds,ICE prime,pice,2300,2500,1
46386,CEED425C-000F-44ED-979F-2E6A0ABA10E7,Imou Ranger   2 IP Camera  3 MP,P046385,Camera,Dahua,pice,2100,2200,0
46064,AF6747F3-0EF7-4910-A8E5-F50DCB2E3B88,Intel 10th Gen Comet Lake Core i5 10400 Cache LGA1200 Socket Processor 03 years warranty,P046064,Processor ,Intel,pice,15500,15700,2
46063,F2D8C72B-B9DD-4467-A240-E60BCE133CF5,"Intel 10th Gen Core i3 10105 Processor(6 Cache, up to 4.3 GHz) 03 years warranty",P046063,Processor ,Intel,pice,10500,11500,2
46065,5C7071EE-9AEC-472D-8E1C-3431831320EC,"Intel Core i3-12100 12th Gen Alder Lake Processor 12M Cache, Up to 4.30 Ghz LGA 1700, 03 years warranty S/L#U5HK253601905",P046065,Processor ,Intel,pice,16500,17500,4
46210,DF790680-FD3A-4876-A46A-3778A1575FF3,"Intel Core i5 -12400 12th Gen  Processor (18M Cache ,up to 4.40 Ghz ) LGA 1700 3Years  Limited Warranty. S/L#U56ROP4800005",P046209,Processor ,Intel,pice,22500,24000,0
45979,590DEA99-3F4D-4E0D-8FAE-3718FCA70A54,JBL C330 TWS Bluetooth True Wireless Stereo Earbuds,P045979,Ear buds,JBL,pice,1315,1515,2
45969,B6FA22C1-C0A3-4930-8ED2-C309C595B845,JBL Go 3 Portable Waterproof Bluetooth Speaker,P45969,Bluetooth Speaker,JBL,pice,4050,4300,1
46425,5CDCEBDE-B05C-4E3C-A828-0EFE25EC66FC,Jedel Bluetooth Keyboard & Mouse Combo WS681B,P046424,Keyboard,Jedel/Wesder,pice,900,1100,0
46420,2657BF0E-CBD7-421F-B8EB-CCF8245FCF1C,Jedel CP72 Wired Optical Mouse,P046419,Mouse,Jedel/Wesder,pice,100,130,0
46424,2A00A168-383D-436D-AF09-6D56677AF9D5,Jedel Keyboard K37,P046423,Keyboard,Jedel/Wesder,pice,780,950,0
46423,4A55D7D0-C0FF-42DA-96F7-128B5084D077,Jedel Lighting Keyboard  K31,P046422,Keyboard,Jedel/Wesder,pice,460,600,0
46421,4B7CF317-4213-4B31-BCC6-F20AFA3E6413,Jedel Mechanical Gaming Keyboard KL123,P046420,Keyboard,Jedel/Wesder,pice,2900,3200,0
46426,8CA41F8C-8E60-43B7-B5B4-1E747C3C1CEA,Jedel Mechanical Gaming Keyboard KL150,P046425,Keyboard,Jedel/Wesder,pice,2500,2800,0
46422,02E21306-3B46-40CF-A265-DB25288E8845,Jedel Mechanical Gaming Keyboard KL69,P046421,Keyboard,Jedel/Wesder,pice,1320,1500,0
46132,9AF809D8-9674-4DF6-AAAF-F86F6A285F42,K9 Wireless Microphone Type  1/1,P046132,Microphone,Non Brand,pice,460,560,5
45903,68AE5174-1632-4430-B6EA-8301CFA4EB1E,Kaspersky Internet Security 1 Year License 1 Device,P45903,Anti Virus ,Kaspersky,pice,750,1099,20
46486,670F42BA-5107-41B2-8ED6-58037A119089,Kaspersky Plus Internet Security 3 User  1 Year,P046485,Anti Virus ,Kaspersky,pice,1349,1400,0
46465,DCE5F3D6-5F46-4A67-B554-4F3F2F30AC2F,Kaspersky Stander Internet Security 3 User  1 Year,P046464,Internet security,Kaspersky,pice,1090,1200,0
46277,4764371F-D4B4-423F-8C98-F6475E409B6E,keyboard protector Waterproof transparent 14 inches,P046276,Keyboard protector,Non Brand,pice,60,100,0
46261,DF4F162E-34EE-4CA2-A59A-8481DEFC50DE,Kieslect Lora Lady BT Calling Smart Watch  With Magnetic Strap,P046260,SMART wATCH,kIESLECT,pice,4700,4750,0
46606,F99F0A2E-47AF-4B46-B33D-C0D9A1D6A7EF,Kingston FURY Beast 8GB 5600 MHz DDR5 Desktop RAM #KF556C40BB-8(Product Lifetime warranty)S/L#2519010829181X001-K000283,P046605,RAM,G-Skill,pice,3700,3700,0
45923,0405A249-8C26-4E69-A741-F248E74057BA,KISONLI L-7070 MULTIMEDIA MINI LED SPEAKER,P45923,Speaker,Kisonli,pice,650,850,1
45922,8217987C-094B-4794-BF14-CA30D4C42B74,Kisonli X3 USB Speaker ,P45922,Speaker,Kisonli,pice,650,850,3
46130,E85BF4BC-4EEE-493A-B513-2F8296AB89EC,Krystal Professional Earphone,P046130,Ear phone,Non Brand,pice,800,900,1
46281,B1F5D915-2DA1-4D03-A951-E1E790A4888F,Lap Power NoteBook Battery 440 G1 COT12UN202202803,P046280,Laptop Battery,Lap Power,pice,1450,1600,0
46651,C253906C-5F44-4F6D-B212-82FB6FE911AD,Laptip Battery Lap Power HP CQ42   S/L#LST202504140504 ,P046650,Battery,HP,pice,1350,1480,0
46674,B795F317-C437-485D-BC1A-B3740EF7607D,Laptop Servicing including SSD Fitting & Windows Update Charges,P046673,Laptop,DELL,pice,200,300,4
46744,35F2A4B7-387B-4A7B-A743-040C30F0C29A,LDNIO SC1 45W Gan PD Universal   Socket Power Strip for laptops and Phone,P046743,Power Strip,LDNIO,pice,1850,2200,0
46743,02C7C3F9-4D1C-4171-8870-519E5F66F238,LDNIO SC2 45W PD Charger: The ultimate universal  Power strip with LED,P046742,Power Strip,LDNIO,pice,2150,2600,0
46741,94E6FB40-658D-4313-B4B9-33CA3876D6FF,LDNIO SC3319 65W 6 in 1 Power Socket Cube 2500W Outlets- EU,P046740,Power Strip,LDNIO,pice,1850,2200,0
46742,A33C25BC-E459-4155-9C87-62B4CAB77BD5,LDNIO SC3412 38W  PD20W Power strip 3  Socket outlets and 3 QC 3.0 USB ,P046741,Power Strip,LDNIO,pice,1450,1750,0
46746,842CEE42-18AD-4BAD-9605-B0056CBB8B3B,LDNIO SC4408C  Extension  Power Socket 4AC  4USB Power Strip ,P046745,Power Strip,LDNIO,pice,1700,2000,0
46745,C2C71F98-5088-42D2-94B5-C23C5DC28D3A,LDNIO SK4396 70W Multifunctional UK Desktop Power Adapter -Fast & reliable Charging,P046744,Power Strip,LDNIO,pice,2000,2350,0
45798,017BF758-C9B8-49D9-A8E5-752A0E6D3115,Lenovo 300FHD Webcome - Gray 1 YEAR warranty,P45798,Webcam,Lenovo,pice,3100,3300,1
46141,4A5F5EDD-21A9-401B-8BCA-BED2D5487F81,Lenovo IP D330(82H000IVIN) Intel (1.1-2.8 Ghz)4GB DDR4 128GB EMMC 5.1 FRONT 2.0mp/Rear 5.0MP UHD GFX 10.1 HD(1280X800)IPS 300NGlossy Win10H 1 Year warranty S/N#YX03DSLZ,P046141,Laptop,Lenovo,pice,27000,27500,1
46387,AEACC303-EDE4-4508-8464-0EF6AD25BD41,"LENOVO IP SLIM 3i (8) (83EL0039LK) 13TH GEN ITL i7-13620H, (E-P, 3.6- 4.9GHz), 10C, 16T,24M), 16GB DDR5- 4800, 512SSD M.2 NVME, HD CAM+PRIVACY SHUTTER, INTEL IRIS Xe GFX, 14"" FHD 250N AG- TÜV Rheinland Low Blue Light, 1.5Wx2 UF SPEAKER, DOLBY AUDIO, WiFi 6 x 2 + BT5.2, TPM2.0, DP, BL KB, FP, MILITARY GRADE-STD-810H, 47WH BATTERY, 1.37KG, A.GREY, DOS, 2YRS",P046386,Laptop,Lenovo,pice,84500,86000,0
46080,F7C5FB26-4EF7-4946-B61D-ED2227D1F620,Lenovo Laptop Adapter 19V 4.32APin,P046080,Adapter,Non Brand,pice,300,500,2
46081,EC0F3EFD-E67F-46AE-9463-8C19A26CB78C,Lenovo Laptop Adapter 20V 3.25A USB,P046081,Adapter,Non Brand,pice,410,600,2
46078,F8CBAA14-379C-48CC-AC79-F0F2114EEE3A,Lenovo Laptop Adapter 20V 4.5A Pin,P046078,Adapter,Non Brand,pice,390,600,2
46079,45C349CB-E9E0-4D23-962D-F4ECA72F448E,Lenovo Laptop Adapter 20V 4.5A USB,P046079,Adapter,Non Brand,pice,410,600,2
45596,E4E99BF4-871B-4E99-B25E-9FEDCA21E387,Lexar JumpDrive Dual Drive D35c 64GB USB 3.0 Type-C Pen Drive,P45596,Pen Drive,Lexar,pice,850,950,3
45595,D1884C4E-7100-4733-AAB5-02237F3953E9,Lexar JumpDrive Dual Drive D400 64GB USB 3.1 Type-C Pen Drive,P45595,Pen Drive,Lexar,pice,875,975,2
45597,3B977C65-732D-4BE5-977F-3056CA17A17F,Lexar JumpDrive S80 128GB USB 3.1 Type-C Pen Drive,P45597,Pen Drive,Lexar,pice,850,950,1
45598,552A614A-DF45-4C23-86B9-1EECEE0F978B,Lexar JumpDrive V400 128GB USB 3.0 Type-C Pen Drive,P45598,Pen Drive,Lexar,pice,1025,1125,1
46733,56AAD813-C3D7-4CAD-926C-61303EE27E91,Lexar LJDD400 128G-BNQNU 128GB D400 Type -C USB 3.2  Gen 1 OTG Mobile Disk,P046732,Pen Drive,Lexar,pice,1350,1500,0
46734,EC44F984-59E4-4B4F-88DD-BCDDF164DDED,Lexar LJDD400 265G-BNQNU 256GB D400 Type -C USB 3.2  Gen 1 OTG Mobile Disk,P046733,Pen Drive,Lexar,pice,2500,2800,0
46735,07DC569C-2661-4EF2-A21E-AB398C97F713,Lexar LJDS080128G-BNBNG 128GB S80 Black USB 3.2  Gen 1  Mobile Disk,P046734,Pen Drive,Lexar,pice,950,1100,0
46736,829FDF17-1C96-4FDD-8389-389EFB49C37F,Lexar LJDV100-128ABNL 128GB V100 Grey  USB 3.2 Gen1 Mobile Disk,P046735,Pen Drive,Lexar,pice,950,1100,0
46737,9C91DFB2-A0C5-48F5-A41E-B0DF81548213,Lexar LJDV100-64GABNL 64GB V100 Grey USB 3.2 Gen 1 Mobile Disk,P046736,Pen Drive,Lexar,pice,600,700,0
46739,C095757F-80BE-45D6-BE3A-4950C0C80A42,Lexar LJDV400 128G-BNBNG 128GB V400 Black USB 3.2  Gen 1 Mobile Disk,P046738,Pen Drive,Lexar,pice,950,1100,0
46738,13D69127-5A5A-4FC8-9CFF-454AF85F0090,Lexar LJDV400064G-BNBNG 64GB  V400 Black USB 3.2 Gen 1 Mobile Disk,P046737,Pen Drive,Lexar,pice,600,700,0
45512,60D5E1C2-3B29-44CD-AE8C-E483E1506224,Lexar NS100 128GB 2.5 inch Gray SATA SSD 3 years warranty ,P000040,SSD,Lexar,pice,1550,1700,5
45483,73CD6D3E-57F0-48CF-89C3-2AA82D36716E,"LG 19M38A 18.5"" Monitor",P000012,Monitor,LG,pice,9800,10300,1
45482,4594AF00-0FFC-4DF9-8301-485D795A0086,"LG 22MK430 22"" Full HD IPS LED Monitor with AMD Fr",P000011,Monitor,LG,pice,13600,13800,1
46577,93E78676-8E0E-479F-A187-FAA9C51383B2,LG 22MK600M-B 22.5 Inches IPS AMD Free sync  75HZ with 2 HDMI Port color Calibrated Gaming  Monitor  S/N#504NTQDEG164,P046576,Monitor,LG,pice,15000,16000,0
46372,2D3D6CF9-BF24-4382-B609-008090BF3E55,Lithium Battery,P046371,Battery,Delux,pice,60,80,5
45705,D9EC624B-8CA6-40D8-8647-50449432E0ED,LOGIC LG-101 Ultra thin and light keyboard,P45705,Keyboard,PC Power,pice,240,300,8
46578,8402D7DC-88CA-4A76-B4EF-9504D95393BF,Logic LG-101 ultra thin and light mini keyboard ,P046577,Keyboard,Non Brand,pice,240,250,4
45533,F87ED639-4B67-405A-95C3-F7D48FEB6199,Logitech B-100 mouse 03 Years warranty,P45533,Mouse,Logitech ,pice,350,449,24
45531,E71846E7-D084-4FB7-A8BD-E142A69F4450,Logitech B170 Reliable wireless connect 01 Year warranty,P45531,Mouse,Logitech ,pice,900,1099,10
45532,BFF8E61F-969E-457D-AAD2-EDAAD0C5C12F,Logitech B175 Plug-and-play wireless mouse 03 Years warranty,P45532,Mouse,Logitech ,pice,900,1099,4
45803,4D06ABA9-FF71-4A23-9C0D-EFC9A5E4C524,Logitech BRIO 100 Full HD Webcam 1080p 1 Yearas warranty,P45803,Webcam,Logitech ,pice,3500,3700,2
45805,2E96C190-5FBC-40B5-BD6C-B060DCB8EDFF,Logitech BRIO 300 Full HD Webcam 1080p  30fps 1 Year warranty ,P45805,Webcam,Logitech ,pice,6500,6700,1
46346,11D44ADD-3DD2-41CD-86AE-E155554D89AE,"Logitech BRIO 500 HDR Webcam With Show Mode , 1080P, Off White  (960-001429) 1 Year Warranty",P046345,Webcam,Logitech ,pice,11500,12000,0
46345,4F1F3FA5-C7B4-4EDF-8156-A9530E008528,"Logitech BRIO 500 HDR Webcam With Show Mode, 1080P Graphite (960-001423) 1 Year Warranty",P046344,Webcam,Logitech ,pice,11500,12000,0
45802,B7494E3B-F406-4F7D-8863-1A7D65F210C3,Logitech C270 HD Webcam 720p 30fps 2 Years warranty,P45802,Webcam,Logitech ,pice,2100,2300,6
45806,51D7D9BA-7EEB-475B-A91D-79EBB8BD6AE5,Logitech C505 PRO HD Webcam 720p 30fps 2 Years warranty,P45806,Webcam,Logitech ,pice,4300,4500,2
45804,3BC6C5F2-A56B-4748-A3F3-8E00BB518FA9,Logitech C920 PRO HD Webcam 1080p 30fps 2 Years warranty,P45804,Webcam,Logitech ,pice,11500,12000,2
45666,E0C0DB17-9DDE-44CC-8BB4-FFC4039AB1EF,Logitech COMFORT MK345 full-size wireless combo extra-long battery life 01 Year warranty,P45666,Keyboard,Logitech ,pice,3200,3949,1
46366,46F99128-7BFD-452F-8691-2A13555EA59E,Logitech Extreme 3D pro Joystick (942-000008) 3 Years Warranty,P046365,Gamepad,Logitech ,pice,4900,5000,0
45913,E2D2A272-1D4B-43B7-ABF5-87C2C7022268,Logitech F310 Gamepad 03 Year warranty,P45913,Gamepad,Logitech ,pice,2300,2549,6
45914,583594DB-FFC8-40D3-B23F-54D5CB57AEEC,Logitech F710 Wireless Gamepad 03 Year warranty,P45914,Gamepad,Logitech ,pice,5299,5499,1
45750,9C79B190-6EE4-40E1-916D-2B04682A4342,Logitech G PRO wireless gaming headset 02 Years warranty,P45750,Headphone,Logitech ,pice,8500,9900,1
46713,958BD266-0CF4-4976-B936-0787CCD0BA79,"Logitech G102 Light Sync Gaming Mouse White ,2 Years Warranty (910-005803)",P046712,Mouse,Logitech ,pice,1900,2000,0
45545,5DD6A566-8FC3-463D-A944-6BEB5DCEB0F9,Logitech G102 LIGHTSYNC gaming mouse 8000DPI 02 Year warranty,P45545,Mouse,Logitech ,pice,1900,2099,8
45653,45516C9A-CB11-4402-933D-AEF83AFE2F33,Logitech G213 RGB Gaming Keybord 02 Year warranty,P45653,Keyboard,Logitech ,pice,4500,5699,2
45840,43D4373C-B5A1-44A1-8A86-6991AC682EDE,Logitech G240 Gaming Mousepad 01 year warranty,P45840,Mouse Pad,Logitech ,pice,1600,1800,2
45547,09D90EA2-54AF-4124-8E93-842E67FB8883,Logitech G304 Light Speed wireless gaming mouse 02 Year warranty,P45547,Mouse,Logitech ,pice,3700,4449,2
46483,CD112521-E793-4914-9835-EEDAA5CB0D76,"Logitech G309 Lightspeed wireless Mouse,Black (910-007201) [2431ZBD8SYB9]  2 years warranty",P046482,Mouse,Logitech ,pice,8000,9500,0
45543,C42157B7-1727-474D-81B8-46D8686A6111,Logitech G402 HYPERION FURY ultra fast fps gaming mouse 02 Year warranty,P45543,Mouse,Logitech ,pice,2750,3449,5
45652,F9BDE524-8AF1-4DEE-9E2B-1AFF716584B1,Logitech G413 CARBON Mechanical Gaming Keybord 01 Year warranty,P45652,Keyboard,Logitech ,pice,7000,9599,1
45749,F685933C-A566-4D6C-8D96-20292122A444,Logitech G435 Lightspeed wireless gaming headset 02 Years warranty,P45749,Headphone,Logitech ,pice,6800,8499,3
45548,FF3BF239-F4BC-4F2B-ACD8-E461FDEC7E50,Logitech G502 HERO gaming mouse 02 Year warranty,P45548,Mouse,Logitech ,pice,4700,5199,3
46537,20541E7B-BF34-4AB7-A817-E1C451DB828C,Logitech G502 X Plus Lightspeed Wireless Gaming Mouse  Black  (910-006164) 2 Years Warranty   S/L#2506ZAQ4CN9,P046536,Mouse,Logitech ,pice,15000,16000,0
45546,9B9FEEDC-BE49-479D-ADA5-3D949835A591,Logitech G502X gaming mouse 02 Year warranty,P45546,Mouse,Logitech ,pice,7800,8499,1
46768,03AF9B80-69AD-4E80-B547-A7E106F89B3F,"Logitech G512 Carbon, Lightsync RGB Mechanical Gaming Keyboard(920-008949) 2 Years Warranty",P046767,Keyboard,Logitech ,pice,10000,10500,0
46538,24BA0381-3F06-4F56-9EA3-CBD73849F3E7,Logitech G515 Lightspeed TKL Wireless Gaming Keyboard  Black (920-012580)  2 Years Warranty  S/L#2432GTD0E019,P046537,Keyboard,Logitech ,pice,13000,13500,0
46539,6FE45CC5-2450-434D-AFE5-6E3E70B47043,Logitech G515 TKL Wired Ten keyless Gaming Keyboard  2 Years Warranty  (920-012912)  S/L#2432GTX001P9,P046538,Keyboard,Logitech ,pice,9800,10000,0
45747,1614CEDE-FA1D-46D4-8C83-8406E033C8B5,Logitech H110 Stereo Headset 02 Years Warranty,P45747,Headphone,Logitech ,pice,900,1000,5
45745,89A7CC47-8B03-4425-B67A-C58F5D291E0C,Logitech H111 Stereo Headset 2 Years Warranty,P45745,Headphone,Logitech ,pice,900,1000,5
45748,E3528B2D-EB69-48E3-90ED-77BA2AD55C4A,Logitech H150 Stereo Headset 02 Years Warranty,P45748,Headphone,Logitech ,pice,1500,1800,5
46344,51A6D06D-E1AA-4011-AE95-CDFBD25C5572,"Logitech H151 Stereo Headset With Single 3.5MM Jack, Noise Cancelling MIC,Black (981-000587) 1 Year Warranty ",P046343,Headphone,Logitech ,pice,1550,1650,0
46484,BD32B6B1-B31E-48E3-A4BA-467EED414509,Logitech H340 USB Computer Headset with Noise Cancelling MIC(981-000477) 2 years warranty,P046483,Headphone,Logitech ,pice,2900,3500,0
45744,3F8E1984-EE3F-41CC-9120-08C6A57DB49C,Logitech H390 USB Computer Headset  02 Years Warranty,P45744,Headphone,Logitech ,pice,4000,4200,5
45746,F9BDCCD4-21E5-4B41-A10D-4A79069D33E9,Logitech H540 USB Computer Headset 02 years warranty,P45746,Headphone,Logitech ,pice,5500,6000,1
45665,CFEA36C4-A813-4671-886A-B93C37932A5B,Logitech K120 Plug and Play USB Keyboard 03 Year warranty,P45665,Keyboard,Logitech ,pice,715,799,20
46706,F006CFE4-7CD3-47C9-8F0B-5364BD8E0144,"Logitech K250 Compact Bluetooth Wireless Keyboard, Graphite 2 Years Warranty (920-013491)",P046705,Keyboard,Logitech ,pice,1650,1800,0
45538,FB84D829-3EF1-4E3A-B999-5A52DF6822C2,Logitech M171 Reliable wireless connectivity mouse 01 Year warranty,P45538,Mouse,Logitech ,pice,1100,1349,4
45541,DA8F1401-5072-485F-8C6E-34DD3F59FF23,Logitech M185 Plug-and-play wireless mouse 03 Year warranty,P45541,Mouse,Logitech ,pice,1200,1499,3
45536,758AAC85-E88D-448E-A318-0AD87C89CCAA,Logitech M187 wireless ultra portable mouse 03 Year warranty,P45536,Mouse,Logitech ,pice,1200,1499,8
45535,18940347-191B-46DA-8AAD-1823EBFEEAE1,"Logitech M190 Full-size, Plug-and-play wireless mouse 01 Year warranty",P45535,Mouse,Logitech ,pice,1100,1399,1
46342,5EC8AFD0-4F7C-4D83-A297-7DAD10342E5D,Logitech M196 Bluetooth Mouse Graphite (910-007462) 1 Year Warranty (910-007463) 1 year Warranty ,P046341,Mouse,Logitech ,pice,1100,1200,0
46341,174213CB-ECDD-426E-8F00-C8FB20C0AB07,Logitech M196 Bluetooth Mouse Off White (910-007463) 1 year Warranty ,P046340,Mouse,Logitech ,pice,1100,1200,0
45537,894A8347-F338-44E0-8236-7A1092553801,Logitech M235 High-definition tracking mouse 03 Year warranty,P45537,Mouse,Logitech ,pice,1450,1549,3
45530,ACBA4CAF-E7BE-448C-924E-2E5BDD7218F2,Logitech M240 SILENT BT 01 Year warranty,P45530,Mouse,Logitech ,pice,1500,1800,4
46365,906DDCBF-75B0-4812-8F27-2AB648D25F90,logitech M720 Multi-Device Wireless & Bluetooth Mouse Black (910-004792) 1 Year Warranty,P046364,Mouse,Logitech ,pice,5250,5300,0
45542,CA52A17D-D789-4A1C-8FE7-7BF8DAD5BEE8,Logitech M90 Full-size Corded Mouse 03 Year warranty,P45542,Mouse,Logitech ,pice,360,449,19
45658,675DB0EC-4FAB-408E-8F5E-5B89A2829E67,Logitech MEDIA K400 PLUS  01 Year warranty,P45658,Keyboard,Logitech ,pice,4200,4949,1
45660,E9C6E5D5-8395-47FB-8EFD-116A9B31D400,Logitech MK215 Space-saving wireless keyboard and mouse combo 03 Year warranty,P45660,Keyboard,Logitech ,pice,1850,2149,2
45664,3C33AA29-ABF9-4FFB-85CE-3C4D2FB37A27,Logitech MK220  Space-saving wireless keyboard and mouse combo 03 Year warranty,P45664,Keyboard,Logitech ,pice,1900,2249,9
45663,3F689C2F-75BA-49BB-987A-5FDC3B7DC3E4,Logitech MK235  wireless combo 01 Year warranty,P45663,Keyboard,Logitech ,pice,2200,2549,1
45654,0B0F2B36-CACE-4A8B-9510-05607173646F,Logitech MK240 NANO Colorful and compect wireless combo BLACK 03 Year warranty,P45654,Keyboard,Logitech ,pice,2300,2849,5
45655,941735EF-D0D2-4A2A-BC49-9FD1BAAEC67A,Logitech MK240 NANO Colorful and compect wireless combo WHITE 03 Year warranty,P45655,Keyboard,Logitech ,pice,2300,2849,2
45662,C87A4EA2-B04C-4B29-A2CF-91F73E27617E,Logitech MK275 full-size wireless combo 03 Year warranty,P45662,Keyboard,Logitech ,pice,2400,2949,2
45661,912C2BBF-D1C4-4FF2-B31C-9EB3B2BA7713,"Logitech MULTI-DEVICE K375s A full-size keyboard and stand combo for computer, phones, tablets 01 Year warranty",P45661,Keyboard,Logitech ,pice,2300,2899,1
45657,E9691B7B-C806-4CA0-8A19-C663D41C205F,"Logitech MULTI-DEVICE K380 Portable typing on computer, phones and tablets 01 Year warranty",P45657,Keyboard,Logitech ,pice,2550,2999,2
45659,7EA2B758-8E5A-4FB4-B68B-A756382E9B75,"Logitech MULTI-DEVICE K480 Switch typing between your computer, phones and tablets 01 Year warranty",P45659,Keyboard,Logitech ,pice,2850,3399,1
46767,E3A1E3F7-F1EB-408A-8A7D-6E648B95D538,"Logitech MX BRIO 4K Ultra HD and steanming Webcam, pale Grey, 1 year warranty",P046766,Webcam,Logitech ,pice,20500,21000,0
46769,C0564FDF-537A-42F4-AA34-F3159FC0E6D4,"Logitech MX Keyss S Combo, Graphite (920-011605) 1 Year Warranty",P046768,Keyboard,Logitech ,pice,22500,23000,0
46343,DCC5347B-09FE-47E3-8CEA-6E816E6D7497,"Logitech MX Master 3S, Wireless And Bluetooth Mouse, Graphite (910-006561) 1 Year Warranty",P046342,Mouse,Logitech ,pice,11000,11500,0
45656,59934080-CE0C-4653-883E-B39FF0A567B8,Logitech PEBBLE 2 COMBO Multi-device Combo: Pebble Keys 2 K380S & Pebble Mouse 2 M350S 01 Year warranty,P45656,Keyboard,Logitech ,pice,5200,6749,3
45534,F04A6A0F-329E-47A1-AF9C-AAA2A86DE729,Logitech PEBBLE M350S wireless mouse 2 wireless and Bluetooth Mouse Tonal White (910-006986)   01 Year warranty,P45534,Mouse,Logitech ,pice,2200,2649,2
46535,446834FB-C540-451C-8DCC-AE262ED3C010,"Logitech POP Icon Keys, Wireless Keyboard with Customizable Action keys, Graphite  (920-013083)  1 year Warranty",P046534,Keyboard,Logitech ,pice,5500,6000,0
46536,B2009CFF-75AB-4DB4-BBD9-35C7D43C3168,Logitech PRO 2  Lightspeed Ambidextrous Wireless Gaming Mouse (910-007297) 2 Years Warranty  S/L#2430ZA3BDDK9,P046535,Mouse,Logitech ,pice,12000,13000,0
45544,5D6F80A3-A5C3-45DF-B514-7F37A3A4C27C,Logitech PRO Wireless gaming mouse 02 Year warranty,P45544,Mouse,Logitech ,pice,10500,12500,1
45917,FDAAE648-5570-42D4-A0E7-0D03ED9C301C,Logitech R400 LASER PRESENTATION REMOTE 03 Years warranty,P45917,Presenter,Logitech ,pice,5000,5999,2
45918,ABD7A4F9-5045-423A-B2CD-74246766F934,Logitech R800 LASER PRESENTATION REMOTE 03 Years warranty,P45918,Presenter,Logitech ,pice,8500,9999,2
45540,E3E9E747-0819-43BE-8E7C-1E4021D56F63,Logitech SIGNATURE M650 wireless mouse 01 Year warranty,P45540,Mouse,Logitech ,pice,2900,3100,3
45539,A83EFF15-D33C-4F38-B165-828C382DFED2,Logitech SILENT M221 wireless mouse 03 Year warranty,P45539,Mouse,Logitech ,pice,1350,1599,3
45925,BF780049-9A07-450B-88FF-5818E419BD19,Logitech Surround Sound Z623 2:1 Speaker 02 year warranty,P45925,Speaker,Logitech ,pice,16000,16500,1
45924,62BBA008-D2F8-4CDB-B704-DA135FA21ACE,Logitech Z313 Speaker 02 years Warranty ,P45924,Speaker,Logitech ,pice,4300,4800,2
46717,7B1FB8D7-9FF0-4BDA-B1BA-F5B4001EACA9,Logitech Z906 5:1 Surround Speaker (980-000468)  2 Years Warranty  S/L#2502GGE0CG2M,P046716,Speaker,Logitech ,pice,32400,33000,0
45977,DFFF50DC-9FCE-448A-90D8-D1B721985291,M233 Transparent Magnetic Mouse Triple Mode 2.4G Bluetooth Wireless Rechargeable,P045977,Mouse,Non Brand,pice,850,1150,3
45822,A7C26C85-47BA-40F1-94FA-FDF29BC40C0F,Marvo  Mouse Pad,P45822,Mouse Pad,Non Brand,pice,65,115,4
46301,844A098B-BC5E-47BB-9992-6974829A95C6,Maxline Multiplug  4 port,P046300,Cable,Non Brand,pice,250,300,2
46178,E8699B11-2764-45EB-8482-F89C3DE906E9,Mercury Wireless 300 Mbps WiFi Adapter MW300UM,P046177,WiFi adapter,Mercury,pice,700,900,0
46230,61346281-CF92-41D5-BA0A-9CB434C300A2,Metal Laptop stand H5 2pcs /1 set,P046229,Laptop Stand/Cooler,Non Brand,pice,700,750,0
46112,97A13000-16C5-411B-A9BC-3CB17BDC2473,Mi Compact Bluetooth Speaker 2,P046112,Bluetooth Speaker,MI (Xiaomi),pice,870,1000,2
46050,9F890B31-3F30-4F5E-A79A-1FDBBA72C0EF,MI power bank 18w 20000 mAh,P046050,Power Bank,Baseus,pice,2500,2700,1
46229,7F365961-C30B-4796-A2CC-CD90A794FBB8,MI Router 4A Gigabit Edition AC1200  warranty 1 year,P046228,Router,MI (Xiaomi),pice,1650,2050,1
46125,D09B04C5-142D-425E-AB00-E1D4887D4B3D,MI Type C white cable,P046125,Cable,MI (Xiaomi),pice,150,200,2
46139,D471554C-A4FE-4F73-9A9A-53CAEC7C17BA,Mi USB Charger 33W Quick charge,P046139,Gadget,MI (Xiaomi),pice,570,770,1
46599,233DEB04-3833-4B93-AE08-B5C2BF91DF22,Microlab B16  Multimedia Speaker USB 2:0 1 Year warranty,P046598,Speaker,Microlab,pice,1075,1200,0
45928,531C2554-6071-4E0C-A288-68D503D1E390,Microlab B25 Speaker(2:0) 01 Year warranty,P45928,Speaker,Microlab,pice,900,1100,2
46618,B2F8FCB2-9DC5-4651-9B76-D324C7D605D0,"Microlab B26 USB 2.0 gaming Speaker, RMS 6 watt with 1 year warranty",P046617,Speaker,Microlab,pice,1180,1350,0
45929,F2FF19DA-C0D6-48D9-83A1-01E54AE0FBC8,Microlab B51 Speaker 01 Year warranty,P45929,Speaker,Microlab,pice,1150,1350,2
46619,2BCE8025-A9CC-49EA-B1A5-C22D441EA46C,Microlab BP21 Black Portable Bluetooth Speaker  RMS 5 watt with 1 Year warranty,P046618,Bluetooth Speaker,Microlab,pice,1200,1400,0
46620,E3E8665C-E1FA-4222-A170-AD912C678341,"Microlab BP21 RED Portable Bluetooth Speaker, RMS 5 watt with 1 year warranty",P046619,Bluetooth Speaker,Microlab,pice,1200,1400,0
45934,EA20B56B-0A0E-4328-A725-C85D6FAECAB9,Microlab COOUL 118 BT Speaker 2:1 01 Year warranty,P45934,Bluetooth Speaker,Microlab,pice,3000,3200,1
46189,67EF1428-53A0-42BC-A5D9-BD997A37BC68,Microlab FC361BT 2.1 Multimedia Bluetooth Speaker  Warranty 1 Year,P046188,Bluetooth Speaker,Microlab,pice,11500,12500,0
45932,F89C24A7-AC90-4E37-A861-66AA3383E911,Microlab G100BT 2:1 Speaker 01 Year warranty,P45932,Bluetooth Speaker,Microlab,pice,2400,2600,1
45751,34585A78-2059-43BC-8ABD-FCEFF71996A3,Microlab K250 perfect on-the-go headphone 1 year warranty,P45751,Headphone,Microlab,pice,850,1000,3
45753,99B1FBB6-A372-45DA-AEE1-7E53FC1253BA,Microlab K280 Multimedia Headset 1 year warranty,P45753,Headphone,Microlab,pice,1000,1200,1
45752,C09E87E1-7377-4015-AA65-16B2C7EE3DB2,Microlab K360 Multimedia entertainment stereo headset with daisy-chain 1 year warranty,P45752,Headphone,Microlab,pice,1300,1500,1
45933,95243D3C-FB88-420B-BD29-DB3424A09DD4,Microlab M-106BT 2:1 Speaker  01 Year warranty,P45933,Bluetooth Speaker,Microlab,pice,2900,3100,1
45935,8CFECF67-BF36-41A3-8851-3D119F321160,Microlab M-113BT 2:1 Speaker 01 Year warranty,P45935,Bluetooth Speaker,Microlab,pice,3700,3900,1
46264,A875884D-DF88-4096-86C7-CB4F7BB1D038,"Microlab M105Bt 2;1Multimedia Speaker,RMS 10 Watt,Bluetooth,USB,SD.AUX With 1 year warranty",P046263,Bluetooth Speaker,Microlab,pice,2900,3100,0
46598,B2E354B5-D679-4440-9F06-F4E9F7DBB59E,"Microlab M108BT Multimedia Speaker (BT,USB,RC) 2:1  1 year warranty",P046597,Speaker,Microlab,pice,3000,3200,0
46198,1AE277B8-CE8E-4F09-B931-F7F34BC44D93,Microlab M600BT  Multimedia bluetooth  speaker 2:1 1 year warranty,P046197,Bluetooth Speaker,Microlab,pice,7000,7600,0
45927,4C913129-BAFC-4053-99AB-90D00DF6CFDE,Microlab MS210 Speaker 01 Year warranty,P45927,Speaker,Microlab,pice,1700,1900,1
46621,3B6A5205-D6E0-47BC-A1EC-54FB5D4C9C68,Microlab Neckband 10 Bluetooth Earphone with 1 year warranty,P046620,Ear phone,Microlab,pice,590,750,0
45931,1D914803-092D-4A9F-B646-BDD84DDC66C2,Microlab TMN1BT 2:1 Speaker 01 Year warranty,P45931,Bluetooth Speaker,Microlab,pice,5200,5400,1
45930,A455B6F4-DE70-4E3F-9F88-023B6CD8DB9F,Microlab TMN1BT 4:1 Speaker 01 Year warranty,P45930,Bluetooth Speaker,Microlab,pice,7100,7300,1
46583,B493C69A-F1EB-4F2E-AA21-4D75EC801134,Microsoft Office 2016 professional Plus,P046582,office,Microsoft office 2016,pice,650,750,0
46592,B5C68AF5-61FB-40C3-A457-440F8E826F49,Monarch Mystery Box X5 Desktop Gaming Casing ,P046591,Casing,Hoco,pice,3200,3400,0
45824,F79BD40C-D218-446C-821B-3994B5EB7318,Mouse Pad G-7,P45824,Mouse Pad,Non Brand,pice,55,105,12
45820,0ED0D951-3CDD-48DE-AA84-D634E1D02983,Mouse Pad LKSM-F2,P45820,Mouse Pad,Non Brand,pice,10,60,50
45819,919C3C6D-09FD-4281-B621-722625D14596,Mouse Pad Q-3,P45819,Mouse Pad,Non Brand,pice,50,100,5
45825,19849099-2500-4EE5-967C-5AF8F6B90443,Mouse Pad Q-5,P45825,Mouse Pad,Non Brand,pice,90,140,7
45826,30986CC0-EA60-420D-935D-D6284D4817AC,Mouse Pad Q-7,P45826,Mouse Pad,Non Brand,pice,120,170,17
45525,0DC82251-6154-4D46-BD1A-6EF13B77760C,MSI B450M PRO-VDH MAX AMD AM4 Gaming Motherboard,P000053,Motherboard,MSI,pice,9000,9300,1
46590,AA7FF531-80C1-4B9E-A99F-F7C3F2479649,MSI B550M Pro-VDH Wi-Fi AM4 AMD Micro -ATX Motherboard 3 years warranty,P046589,Motherboard,MSI,pice,15500,15900,0
45527,8EA64F1F-8D9F-48A9-8258-550430AB247F,MSI B560M PRO-E 10th and 11th Gen Micro ATX Motherboard 03 years warranty,P000055,Motherboard,MSI,pice,10000,10500,2
46524,45503D92-EB78-4017-810A-494D166C0F93,MSI B650M PROJECT ZERO AM5 m-ATX Motherboard 3 years Warranty S/L#601-7E09-040B2409002487,P046523,Motherboard,MSI,pice,24500,24800,0
46233,8B0E9E21-37EC-41FE-ADDA-E720B7731B5C,MSI Clutch GM08  Mouse Pixart PAW 3519  optiical sensor USB 2.0 Warranty 1 year,P046232,Mouse,MSI,pice,1500,1600,0
46194,D22734EE-D800-4A33-89B0-3173AD93FAC2,MSI Clutch GM11 wired RGB Gaming mouse White warranty 1 year,P046193,Mouse,MSI,pice,2000,2300,0
46195,AEE16148-80AD-4264-A467-3763A0B98147,MSI Clutch GM30 wired Gaming RGB Mouse 6 Buttons  warranty 1 year,P046194,Mouse,MSI,pice,3500,4000,0
46191,D87EB963-AC61-469D-A9E7-8D8BC1D10336,MSI Forge GK100 Combo -Gaming RGB Keyboard & Mouse set 19 Key Anti-Ghosting 6400 DPI Optical  Sensor ,P046190,Keyboard,MSI,pice,2500,2800,0
46193,C36B14E8-54CD-4E0A-833D-F1D0B7FEBB1B,"MSI Forge GM300 Wired RGB Gaming  Mouse 7 Buttons ,5-Mode RGB 1 year warranty.",P046192,Mouse,MSI,pice,1000,1200,0
45524,90CB24ED-6CC9-4591-9E5E-DA2DBEBCAEA9,MSI H310M PRO-VDH DDR4 8th/9th Gen LGA1151 Socket Mainboard 3 years warranty,P000052,Motherboard,MSI,pice,8500,8800,2
46190,5084B70C-CA9B-4B25-AFC7-EFA27E79044F,"MSI Keyboard Force GK300 Combo Blue Switches gaming  Anti-Ghosting ,Ergonomic Keycaps 9-Mode RGB Upto 7200 DPI Black",P046189,Keyboard,MSI,pice,4500,5000,0
46525,FDE01652-FCE3-4616-9CDA-5CD271CF728A,MSI MAG PANO M100R PZ WHITE Mid Tower Chassis   S/L#10430000586  2 Years Warranty,P046524,Casing,MSI,pice,13500,13900,0
46234,450F1EB6-99A3-474F-8CED-6C8C6D2B6F73,"MSI Mouse Clutch GM20 Elite Gaming Mouse 6400 DPI 20M+ Clicks omron switch ,optical sensor RGB Mystic light",P046233,Mouse,MSI,pice,2700,3000,0
46235,583F2885-F01F-4F8A-945F-7CE830AC3D47,MSI Mouse pad Agility GD21 Dragon taimat Gaming Mouse Pad,P046234,Mouse Pad,MSI,pice,800,1000,0
46605,3BD3247C-7FEE-4967-A49A-EEE60CC6FC63,MSI Pro B650M-B DDR5 AMD AM5 mATX Motherboard 3 years warranty S/L#601-7E28-070B2501005661,P046604,Motherboard,MSI,pice,12800,13400,0
46581,110246DC-2DB7-41EC-884B-8D53BCC3EA4C,MSI PRO B650M-B DDR5 AMD AM5 mATX Motherboard 3 years warranty S/L#601-7E28-070B2501005661,P046580,Motherboard,MSI,pice,12800,13500,0
45528,8D4957DB-9914-4E42-BEFF-DC09391E2A33,MSI PRO H510M 10th Gen Micro-ATX Motherboard 3 years warranty,P000056,Motherboard,MSI,pice,8000,9000,2
45526,C647863E-44C4-4E0A-8348-CEFCC1C79A44,MSI PRO H610M-E DDR4 mATX Motherboard 3 years warranty,P000054,Motherboard,MSI,pice,10500,10700,4
46591,11A57A61-4791-4266-8FE8-C9BA05129434,MSI Pro MP251L E2 24.5 inches 12o Hz  1ms FHD S Business Monitor 3 years warranty,P046590,Monitor,MSI,pice,15500,18500,0
45517,2E6CBA58-28F5-45F2-AB65-F0F4CEC3E916,MSI SPATIUM S270 240GB 2.5-Inch SATAIII SSD 03 Year Warranty,P000045,SSD,MSI,pice,3000,3300,3
46196,9DD8A202-6133-4A75-9623-AF56EBB8292B,MSI VIGOR GK20 Wired RGB Gaming Keyboard 1 year warranty ,P046195,Keyboard,MSI,pice,2400,2800,0
46197,CC9A31D5-E3D8-433F-9F10-C3457DE18118,MSI VIGOR GK30 wired RGB gaming combo Keyboard & Mouse warranty 1 year,P046196,Keyboard,MSI,pice,4500,5000,0
45982,259009E3-C474-4370-992A-EA8A02A49469,NETGEAR Nighthawk Pro Gaming WiFi 6 Router (XR1000) 6-Stream AX5400 Warranty 2 years S/L#6BK51876A033F,P045982,Router,Netgear ,pice,35500,36000,0
45894,889AB657-B8B0-45A0-93C5-114E5BD11F20,Netgear R6120 Wireless AC1200 Mbps Dual Band Gaming Router,P45894,Router,Netgear ,pice,3000,3200,1
45876,95C842A1-6944-4A0A-A7C5-7E36D712F792,Netis N3 AC1200 Wireless Dual Band Gigabit Router 1 Year warranty,P45876,Router,Netis,pice,2800,3000,1
45873,BE23B44D-0A76-4FE5-A213-63E56C1F92BB,Netis st3105c 5 port 10/100m fast ethernet swich,P45873,Network Switch,Netis,pice,400,600,4
45872,DA9BE19B-44E2-4679-9E69-2A72CCDC1C95,Netis st3108c 8 port 10/100m fast ethernet swich,P45872,Network Switch,Netis,pice,700,900,5
45878,77A25F9E-7341-4DFD-8B9D-FF61FFEFA4F5,Netis W4 300Mbps 4 Antenna Router White 1 year warranty,P45878,Router,Netis,pice,1460,1660,1
45877,6CB3AE93-77D3-4AA9-9FD8-0C2DEDE4C18C,Netis Wf2419E 300Mbps Wireless N Router 01 Year Warranty,P45877,Router,Netis,pice,1340,1540,4
46107,2FE9F55B-F68B-4809-9D4E-7E9CE6389979,Non brand  Type C to HDMI converter ,P046107,Adapter,Non Brand,pice,800,1000,2
45549,018AFBD0-483F-4085-9263-7C93132BE3EC,Non Brand Dell Optical Mouse MS116,P45549,Mouse,Non Brand,pice,125,160,19
46381,D6A727F2-8EEF-4393-9C17-D4AF1358FF86,Non Brand Desktop Power Cable 1.5 Meter,P046380,Cable,Non Brand,pice,90,120,10
45642,A30EA949-8ECA-49FD-B145-04F33687059B,Non Brand Laptop Stand,P45642,Laptop Stand/Cooler,Non Brand,pice,350,400,5
45643,D8F96EDA-8034-4CED-BFFC-22209AC74DB6,Non Brand S100 Notebook colling partner,P45643,Laptop Stand/Cooler,Non Brand,pice,480,600,3
46004,75AF0F99-2184-48A3-B2AF-DC0C1B8E2DBE,Non brand USB 3.0 to HDMI adapter,P046003,Adapter,Non Brand,pice,1418,1618,2
46048,C596BBE8-D6DB-428E-AA07-5DDFF28F8816,Non Brand USB Cable 1.5M,P46048,USB Extension Cable,Non Brand,pice,150,200,2
46046,C3ABBC98-0C0B-47E2-A615-5DE20338D83D,Non Brand USB Extension Cable 1.5M,P46046,USB Extension Cable,Non Brand,pice,150,200,7
46047,299B8B68-2896-4E3D-A360-C7579093F617,Non Brand USB Extension Cable 3M,P46047,USB Extension Cable,Non Brand,pice,250,350,8
46045,7E9DE401-F8E8-46C2-B88A-536D3227CA87,Non Brand USB Printer Cable 10M,P46045,USB Printer Cable,Non Brand,pice,400,500,4
46038,525135D5-C557-4464-A54F-CE0F3F72D45A,Non Brand VGA Cable 10M,P46038,VGA Cable,Non Brand,pice,550,650,4
46157,AF93C49C-FF56-45E5-9ECC-E6859B691BD3,Nonbrand High Speed 3 pin with Fuse Laptop power cable,P046157,Cable,Non Brand,pice,100,150,10
46160,E0959B3C-DB6A-400A-91C4-17E2EC574CF8,Normal PCI Card simple to USB,P046160,Expension Card,Non Brand,pice,350,450,1
46122,5DD827C1-9A9F-42E1-B128-B8F70C76F02E,One Plus Bullets wireless Z2,P046122,Neckband,One plus,pice,2650,2750,1
46123,9DD69C44-6059-4F7C-970F-5E08FCE3C3B4,One Plus Bullets wireless Z2 ANC,P046123,Neckband,One plus,pice,3450,3600,1
46222,99266AF7-1587-46A1-A576-C935558D1DBF,One plus Nord Buds 2r  TWS  Warranty 6 Months,P046221,Ear buds,One plus,pice,2750,3000,0
46124,92470DB9-5990-4316-996E-6F77FF1CDA87,One plus Type C Ear phone,P046124,Ear phone,One plus,pice,1520,1620,1
46070,F224F268-ECC5-4C68-9EA3-F1E5363AE758,Onu adapter  12 v 1A,P046070,Adapter,Non Brand,pice,90,150,10
46071,E07E0325-7FFA-4E5E-B2C7-35C60FB3780A,Onu Adapter  9V 2A,P046071,Adapter,Non Brand,pice,130,180,10
46332,9682AECE-DB3A-4B46-92FB-E85D7AAB09CE,Oraimo Wacth Nova AM Bluetooth Calling  Smart Watch Light  Chrome (OSA-812) S/N:4081204221  1 Year Warranty,P046331,SMART wATCH,Oraima,pice,3700,3850,0
46144,767F6081-B7A5-4278-8207-02176AA97140,Orasix high speed network connector,P046144,Cat 6 Connector,Orasix,pice,250,400,0
46115,5D678A1A-F2D9-493A-BABE-7C429BE8FF49,Orico 120mm case Fan with lighting,P046115,Casing Fan,ORICO,pice,500,600,3
46117,E9F0087E-739E-4D30-A899-BC3537AF3F61,Orico 120mm case Fan with lighting  CFS 2SY 6P BK BP,P046117,Casing Fan,ORICO,pice,600,700,3
46116,BB6BABE1-2AA3-4032-A235-F2713C5AF7F5,Orico 120mm case fan with lighting CFS 6LD BK BP,P046116,Casing Fan,ORICO,pice,350,450,5
46146,B41AFD20-9627-45AF-910F-60A239F80BCC,Orico 2.5 Inch Type-C Hard Drive Enclosure 2520C3,P046146,HDD-SSD Enclosure,ORICO,pice,685,785,5
46182,26E133F8-B984-49BD-B532-5A1C3EA0CF24,"Orico 2.5"" USB 3.0 HDD Enclusure  2577U3-BK-BP  warranty 1 Year",P046181,HDD-SSD Enclosure,ORICO,pice,550,700,0
46149,2D010C1D-28E1-4EF1-B87A-020130E12D08,Orico 2139U3 transparent 2.5 Inch   HDD Enclosure ,P046149,HDD-SSD Enclosure,ORICO,pice,500,600,2
46148,3EAAAAA9-08D1-4D23-AB5C-7E87DE98509D,Orico 2189U3 HDD Enclosure,P046148,HDD-SSD Enclosure,ORICO,pice,700,800,1
46147,880F79CC-D635-4470-B0E0-03E05FC6D627,Orico 2588US3 HDD Enclosure,P046147,HDD-SSD Enclosure,ORICO,pice,600,700,4
46515,39E03FB1-0684-4B9F-A3CB-1889D3B97DF1,"Orico 3.5"" HDD Enclusure DDL35- U3-BK-BP-HW 1 year warranty",P046514,HDD-SSD Enclosure,ORICO,pice,1860,2200,0
46514,37522FD7-6361-4803-9B37-54F1E0DF0FBE,"Orico 3.5"" USB 3.0 HDD Case  3588US3-V1-EU-BK-BP 1Year warranty",P046513,HDD-SSD Enclosure,ORICO,pice,1860,2200,0
46625,A0F496C3-2AB8-41EE-9FFF-108E3A05A93D,"Orico 4-in-1 USB 3.0 HUB Mini and Compact, Optional Cable Model#YK4-U3-03-BK-BP",P046624,Hubs & Docks,ORICO,pice,915,1200,0
46626,ACA66C6C-87EA-4013-AA5D-1CB2EBC52BAA,"Orico 4-in-1 USB 3.0 HUB Mini and Compact, Optional Cable Model#YK5-U3-03-BK-BP",P046625,Hubs & Docks,ORICO,pice,985,1250,0
46032,6691948B-FC80-4B7A-8624-0668F84F0192,ORICO 4K HM14 HDMI Cable 1.5M,P46032,HDMI Cable,ORICO,pice,350,450,1
46033,9708AE2B-BDF6-4DFE-8FBB-DA106EC77A82,ORICO 4K HM14 HDMI Cable 5M,P46033,HDMI Cable,ORICO,pice,850,1000,1
46152,E4A10672-4964-447B-B59B-E63226AF513F,Orico 5-in-1 MDK-5P Type-C Docking Station,P046152,Hubs & Docks,ORICO,pice,1700,1900,1
45639,CF558457-7D41-4032-9483-FDB7134A943C,ORICO Laptop Holder CCT8,P45639,Laptop Stand/Cooler,ORICO,pice,1350,1500,2
46179,1EFEABF5-56AF-4E48-84C7-07347E4DE490,Orico Laptop stand PFB -A23-BK-BP,P046178,Laptop Stand/Cooler,ORICO,pice,450,600,0
46180,9871FDB0-A4F2-4386-84AC-452A4D57BA7F,Orico Laptop Stand PFB-A23-WH-BP,P046179,Laptop Stand/Cooler,ORICO,pice,450,600,0
46181,9427AA1E-F99F-4E5D-BA38-1C9A91985232,Orico Laptop Stand PFB-A24-WH-BP,P046180,Laptop Stand/Cooler,ORICO,pice,500,650,0
46171,BFDA2942-539E-40C6-9A5D-7716A493F0C4,Orico MINI-U32 3 in 1 USB HUB,P046171,Hubs & Docks,ORICO,pice,400,500,1
45640,706E3297-D307-4E65-9936-69E7F9E82BED,ORICO Notebook Colling Bracket NSN-C1,P45640,Laptop Stand/Cooler,ORICO,pice,1200,1400,2
46159,13F9D2A2-648E-4DD8-9EC0-9BF6D78E31ED,Orico NVME M.2 Expansion Card PSM2,P046159,Expension Card,ORICO,pice,650,850,2
46154,38A3580B-80B9-435C-BF2C-ACF8F9A9D783,ORICO PAPW4A-U3  4-in-1 USB 3.0 HUB,P046154,Hubs & Docks,ORICO,pice,500,600,1
45641,2709DE41-A53A-4FF3-A474-9247DD3361E4,ORICO Portable Laptop Stand PFB-A24-BK-BP,P45641,Laptop Stand/Cooler,ORICO,pice,500,600,2
46156,4A214C52-9526-45CA-B4E6-F2E584F0BEE3,Orico SKT2 sound adapter,P046156,Sound card,ORICO,pice,650,800,1
46108,DDFB6C90-0BBF-4A45-B9C9-E15B3B67AF2A,Orico Type C to HDMI Adapter 4k,P046108,Adapter,ORICO,pice,1450,1550,1
46155,E1D716E3-0430-4C5F-A159-2CAE96440CAC,ORICO UTJ-U3 USB to Ethernet network adapter ,P046155,Adapter,ORICO,pice,1250,1400,1
46162,C8B8CD95-ACBC-438E-B81E-5810969154B2,Orico UTS-12 Type-C to Micro-B & Type-C Data Cable 1.2M,P046162,Cable,ORICO,pice,400,500,2
46151,BDBD4EAF-3080-4517-A4A6-8E6D945D16E6,Orico W5PH4-U3-V1,P046151,Hubs & Docks,ORICO,pice,750,950,1
46150,B1608559-C688-41D3-8AD1-9AC0046DAEAB,Orico W9PH4-U3 4 port USB HUB,P046150,Hubs & Docks,ORICO,pice,1050,1250,1
46153,BC468E0B-34AA-4790-8456-FCDFF0F6FAAD,ORICO-AH-A!#/A12F USB-A To USB3.0 HUB,P046153,Hubs & Docks,ORICO,pice,500,600,2
45899,4B9B7603-ECDC-47D8-8CB7-DC3F26013D74,ORICO-PUG-C6B-100-BK-EM 10M LAN CABLE CAT-6,P45899,Networking Cable,ORICO,pice,450,550,2
45898,0002A781-8457-48CA-9506-89000C293E48,ORICO-PUG-C6B-150-BK-EM 15M LAN CABLE CAT-6,P45898,Networking Cable,ORICO,pice,650,750,3
45902,81AA4296-61FB-4D93-B113-3E7FE92DFCB5,ORICO-PUG-C6B-20-BK-EM 2M LAN CABLE CAT-6,P45902,Networking Cable,ORICO,pice,160,220,10
45897,D76FE354-A1CB-4E09-8604-01FA67FB49E2,ORICO-PUG-C6B-200-BK-EM 20M LAN CABLE CAT-6,P45897,Networking Cable,ORICO,pice,850,1050,3
45901,77383A6B-577B-490A-8BE1-3E82A03A1863,ORICO-PUG-C6B-30-BK-EM 3M LAN CABLE CAT-6,P45901,Networking Cable,ORICO,pice,190,250,6
45896,F002C1C5-70E4-4077-80AD-9D44DCBECC00,ORICO-PUG-C6B-300-BK-EM 30M LAN CABLE CAT-6,P45896,Networking Cable,ORICO,pice,1400,1700,3
45900,E68DC31B-BE5D-4E10-A6C6-7F8D57973BAB,ORICO-PUG-C6B-50-BK-EM 5M LAN CABLE CAT-6,P45900,Networking Cable,ORICO,pice,300,350,10
45816,B383CFAD-57E4-48F8-B637-279FDACFDFD0,"ORYX 220A-IPS 22"" IPS Monitor 03 year warranty",P45816,Monitor,NULL,pice,9500,10500,2
45904,A0748549-7D95-4A53-8F2F-B5E9E3C14610,Panda Dome Advanced 1 Year License 1 Device,P45904,Anti Virus ,Panda,pice,550,650,37
46298,E2D88BA5-C328-4DEB-B3D5-572590F637EB,"Panduit Patch Cord Factory Made Cat-6 , 2Meter (6.4Ft)",P046297,Cable,Panduit,pice,225,300,0
46299,29C149F5-03BB-4AAF-9351-7104760B9424,"Panduit Patch Cord Factory Made Cat-6 , 3Meter (9.84.4Ft)",P046298,Cable,Panduit,pice,300,350,0
46300,1F27D590-8C54-4DD2-866A-8450231C74BE,"Panduit Patch Cord Factory Made Cat-6 , 5Meter (16.4Ft)",P046299,Cable,Panduit,pice,380,450,0
46256,2DFC87C3-E73B-4C47-AF7A-E5CDCFA70E2B,PC Power  Gaming RGB Keyboard USB #K87 Black  1 Year Warranty,P046255,Keyboard,PC Power,pice,750,850,0
46257,5FBCA971-44F7-4B58-84F4-7F8380F21891,PC Power Gaming Keyboard USB #K87 White 1 Year Warranty,P046256,Keyboard,PC Power,pice,750,850,0
45706,4F9E3D7D-FD66-49D1-8045-7FD524DD5B2C,PC Power K98 RGB Lighting effect Machanical keyboard 01 year warranty,P45706,Keyboard,PC Power,pice,1800,2200,1
45704,01E73A3E-62E6-4A08-87E9-54F8C425C1F2,PC Power L801TA RGB RAINBOW GLOW KEYBOARD,P45704,Keyboard,PC Power,pice,700,900,4
45703,8232E747-4D12-4920-BEEE-8862D43B4D2D,PC Power L803B RGB RAINBOW GLOW KEYBOARD,P45703,Keyboard,Golden Field,pice,750,950,3
46593,0850E8A8-3072-4932-8139-434B317A6142,Peland RX580 8GB 256 Bit Dual Fans Gaming Graphics card,P046592,Graphics Card,Peland,pice,11000,11500,0
46564,C5A837CC-D905-4ADF-9DFD-089F55BBD8AC,"Philips 21.5 inches 22E1N1200A FHD (1920X1080) 100 Hz/1ms Borderless IPS LED Monitor with Adaptive Sync Technology,VGAX1, HDMI1.4X1, Display Portx1,Built-in Speakers:2wx2,wall Mountable, 3 years warranty",P046563,Monitor,Philips,pice,11900,13000,0
46565,5C85F3C6-B843-4606-A167-BDA8C3EF84B2,"Philips 21.5 inches 22E1N1200AW FHD (1920X1080) 100 Hz/1ms Borderless IPS LED White Monitor with Adaptive Sync Technology,VGAX1, HDMI1.4X1, Display Portx1,Built-in Speakers:2wx2,wall Mountable, 3 years warranty",P046564,Monitor,Philips,pice,12100,13200,0
45516,22CE3C2F-8F32-4A18-89E5-CC6C18F6ED63,PNY CS900 250GB M.2 2280 SATA SSD 3 years warranty,P000044,SSD,PNY,pice,3000,3200,1
45588,693DBE6A-97FF-46AD-BE0B-E9269A08C70F,PNY DUO LINK 128GB USB 3.2 Type-C/Type-A Dual Flash Drive,P45588,Pen Drive,PNY,pice,1375,1500,3
45587,55E44307-093B-4802-9967-2D9A6FD289AE,PNY DUO LINK 64GB USB 3.2 Type-C/Type-A Dual Flash Drive,P45587,Pen Drive,PNY,pice,875,975,8
45614,0926AFA5-897D-4560-B5F8-7815D82E3D0A,PNY Elite 128GB Class-10 Micro SD Memory Card,P45614,Memory Card,PNY,pice,1400,1500,5
45615,4E9BE76F-45D1-4CCE-BC7D-EBFC54857A79,PNY Elite 256GB Class-10 Micro SD Memory Card,P45615,Memory Card,PNY,pice,2650,2850,5
45613,6AEEBBE9-CACD-4CEA-A46B-8A1E39659E25,PNY Elite 64GB Class-10 Micro SD Memory Card,P45613,Memory Card,PNY,pice,550,650,9
45589,4C9F43A4-5B13-49BC-B5B0-3E0DACA816FF,PNY Turbo Attache 4 128GB USB 3.2 Flash Drive,P45589,Pen Drive,PNY,pice,875,975,10
45590,EBF1DAFA-4D63-4620-8013-EECD77A86731,PNY Turbo Attache 4 256GB USB 3.2 Flash Drive,P45590,Pen Drive,PNY,pice,2200,2400,2
45591,5ADB0660-A9A4-4E66-BB54-192F19C10665,PNY Turbo Attache 4 64GB USB 3.2 Flash Drive product life time warranty,P45591,Pen Drive,PNY,pice,550,570,8
45593,48312461-20C9-4C66-B26A-1DF6A2E8D379,PNY Turbo Attache R 128GB USB 3.2 Metal Flash Drive,P45593,Pen Drive,PNY,pice,875,975,3
45594,56486B3B-7CED-4BF8-9E67-7D819C26EC73,PNY Turbo Attache R 256GB USB 3.2 Metal Flash Drive,P45594,Pen Drive,PNY,pice,2200,2400,2
45592,81C95BA2-8F36-4952-88BB-13DF6C6F320C,PNY Turbo Attache R 64GB USB 3.2 360Â° Metal Flash Drive,P45592,Pen Drive,PNY,pice,550,600,7
45631,16CF43B9-805C-4796-824E-A3D56FBCBF3F,PNY XLR8 16GB DDR4 3200MHz Desktop Gaming RAM,P45631,RAM,PNY,pice,4800,5000,1
45629,146299B1-F498-459A-A3E3-5ED02B1D5903,PNY XLR8 16GB RGB DDR4 3200MHz White Desktop RAM,P45629,RAM,PNY,pice,5400,5600,2
45632,98689A42-9D93-4D23-8E88-F794E14F8D59,PNY XLR8 8GB DDR4 3200MHz Desktop Gaming RAM,P45632,RAM,PNY,pice,2500,2600,3
45630,8B37D2D4-9C7C-456E-B840-1F4C67B6A782,PNY XLR8 8GB RGB DDR4 3200MHz Desktop RAM,P45630,RAM,PNY,pice,3300,3500,2
46520,D40805F3-EC30-4FF6-AEA7-3F27BD85849E,Power 85a tonner for HP & Canon printer,P046519,Toner,Power Print,pice,600,700,3
45842,9B2805D6-8FB6-4139-B75C-6E475B734634,Power Guard 1200VA CS Offline UPS (Plastic Body),P45842,UPS,Power Guard,pice,6500,6800,1
45841,1F014F5D-4094-432D-9777-C61E747E2590,Power Guard 650VA CS Offline UPS (Plastic Body),P45841,UPS,Power Guard,pice,3200,3400,7
46463,578FB903-6F30-48FB-A8F0-F6223EBEE254,"Power Guard Mini DC UPS PG -ECO 1825 Input 100-240V AC output:18W(Max),output (selectable):5VDC,9VDC,12VDC,15VDC,& 24VDC  1 Year warranty",P046462,UPS,Power Guard,pice,2000,2500,0
46600,B322D7FE-F1EA-4444-B984-281B6B45924B,Power Guard UPS Battery 8.2 Amp,P046599,Battery,Power Guard,pice,1250,1300,0
46468,2C078E14-05C6-4F2E-8CEF-D53FDE2812E5,Power Print OPC-62 Drum for Brother Printer,P046467,OPC Drum,Power Print,pice,500,700,0
46467,8EE47121-8E68-416C-845F-3C0D9574202C,Power Print OPC3487 drum for Printer,P046466,OPC Drum,Power Print,pice,500,700,0
46469,44F42587-26EB-4093-8609-598D9E06DEEE,Power Print Roll OPC1035 Drum for Brother Printer,P046468,OPC Drum,Power Print,pice,500,700,0
46471,D8F6DF64-EC0A-4777-A95B-26CB6CA73CE4,Power Print TN- 136A Toner for HP Laserjet Printer ,P046470,Toner,Power Print,pice,1200,1500,0
46472,851E7EFE-0590-4E8D-9374-27CD26C59C50,Power Print TN- 151A(no Chip) Toner for HP Laser Jet Pro  Printer,P046471,Toner,Power Print,pice,850,1000,0
46473,A828941B-3BE6-40C3-BD60-014C51599243,Power Print TN- 166AToner for HP Laserjet Printer ,P046472,Toner,Power Print,pice,800,1000,0
46464,5AF65B6D-8905-418F-B3E1-6791AF49739F,Power Print TN- 3487(8000PG Capacity Max) for Brother Printer L5200 & 6200 etc,P046463,Toner,Power Print,pice,1800,2300,0
46477,5F2AF04A-A9A8-4AA9-A9A5-228366EE7BD8,Power Print TN- 50 Black Toner for HP printer,P046476,Toner,Power Print,pice,700,1000,0
45782,170E7998-E523-4BAC-AD46-1E9B88A8AC39,Power Print TN-107A Toner Cartridge with chip,P45782,Toner,Power Print,pice,1550,1800,1
45781,A7E3C4A9-A6C6-408D-8CC6-9B54C6A638BD,Power Print TN-107A Toner Cartridge without chip,P45781,Toner,Power Print,pice,800,900,1
46470,C414FB3A-2C72-421D-8955-018097AED120,Power Print TN-111 Toner for Samsung Printer M-2020/2070 Black,P046469,Toner,Power Print,pice,900,1100,0
46474,48A5C470-C294-4F35-8E22-D8F4CA522E9C,Power Print TN-2331/2399 Toner  for Brother Printer ,P046473,Toner,Power Print,pice,850,1000,0
46475,F8FCB69D-A913-4517-8218-CD513A654EE6,Power Print TN-2345  Toner for Brother Printer ,P046474,Toner,Power Print,pice,1000,1300,0
46476,B754B933-5B62-4857-BA9C-BB48ABC62805,Power Print TN-26 Toner for HP Printer,P046475,Toner,Power Print,pice,830,1000,0
46478,DFF6452B-A064-48E5-BDC7-09654E16D5AB,Power Print TN-62 for Brother Printer ,P046477,Toner,Power Print,pice,1000,1400,0
46703,6D158645-20F3-4A8C-888C-95024DEB541E,Power Print TN-76A(No Chip) Toner for Laser Jet Pro M404N/M404DN/M404DW/MEF M428DW/M428FDN/428FDW Black,P046702,Toner,Power Print,pice,800,1000,0
45780,5005C791-80B7-4BA4-8E9D-CD2E2649B3A0,Power Print TN-79A Toner Cartridge ,P45780,Toner,Power Print,pice,580,650,5
46546,69D27696-5FA2-403A-88FF-4E3ABACEA25B,power print TN85A Tonner cartridge,P046545,Toner,Power Print,pice,600,750,3
46466,EB475D68-EC1A-4C12-B351-295B6E963404,Power Print Tonner DR-3607  For Brother Printer,P046465,Toner,Power Print,pice,2600,3400,0
46774,5F467CA2-6A7A-48FF-B76B-AC9F706CD3AB,Premium desk Mat Dark grey,P046773,Mouse Pad,Fabfind,pice,1000,1200,0
46757,2DD7B91E-CA9C-48CA-8B71-2ED98601220C,Premium Laptop Sleeve Bag Slim Protective Case for 13-14 inches Laptops Black/14 inches #PPBK14,P046756,Bag,Non Brand,pice,630,800,0
46128,4297B23C-F15D-4E05-83CB-D832290A214A,Prolink 4G LTE Mobile WiFi,P046128,Pocket Router,ProLink,pice,4050,4200,1
45843,3CFDE881-DBDC-4D5F-B6EB-815135169278,prolink PRO2701SFC 650VA Line interactive UPS ,P45843,UPS,ProLink,pice,3050,3200,6
46104,8FEA67D0-BDF1-4BDF-A2C3-9CEC5BB1E30A,QGeem Data  cable USB A to USB C 1m,P046104,Cable,BenQ,pice,300,400,1
46445,E5593CFC-AD0E-4BCD-8809-A2160F581FD0,Rapoo 8000GT Bangla Black Multi-mode Wireless Keyboard & Mouse   2 years Warranty,P046444,Keyboard,Rapoo,pice,1750,1850,0
45669,100267BB-684B-405D-9348-592DACC57CA2,Rapoo 8000M Multi-mode Keyboard & Mouse Combo 02 Year warranty,P45669,Keyboard,Rapoo,pice,1700,2050,2
45670,03D7789F-96F0-4B7E-B680-4916BDACAAB7,Rapoo 8000S Multi-mode Keyboard & Mouse Combo 02 Year warranty,P45670,Keyboard,Rapoo,pice,1550,2050,2
46267,A3B44A0A-454E-4FAA-A037-906931701D3C,Rapoo 8210M Black BT Multimode Wireless Combo  2 years Warranty,P046266,Keyboard,Rapoo,pice,2750,3100,0
46268,5BE650AC-6E33-455E-803A-7BFD7B02F6BE,Rapoo 9010M Drakgray Multimode Wireless Combo 2Years  Warranty,P046267,Keyboard,Rapoo,pice,2850,3150,0
46269,1EDC043F-70A0-4914-86FA-0D75DEAFEA9C,"Rapoo 9050S darkgray Mulimode Wireless Combo, 2Years Warranty",P046268,Keyboard,Rapoo,pice,4150,4300,0
46446,75878942-40BA-4A9E-9F22-6EEA1E7592DE,Rapoo 9350M Darkgrey Multi-mode Wireless Combo  2 years warranty,P046445,Keyboard,Rapoo,pice,4500,4600,0
46447,A439B97B-6521-4520-A981-65218B5BAF8D,Rapoo 9350S Darkgrey Multi-mode Wireless Combo  2 years warranty,P046446,Keyboard,Rapoo,pice,4600,4700,0
46270,D014D1EF-DCFB-4D06-A68D-1EF83E63AF81,"Rapoo 9900M Black Ultra Slim BT Multimode Wireless Combo, 2 Years Warranty",P046269,Keyboard,Rapoo,pice,5500,5700,0
45957,BE216B76-3081-46B5-84DE-1FE0E4E80D28,Rapoo A80 2:0 Multimedia Compact Stereo Speaker 1 year warranty,P45957,Speaker,Rapoo,pice,1050,1250,2
45566,AE37A8A0-3423-488F-8612-D39AF1577605,Rapoo B20 SILENT Wireless Optical Mouse 01 year warranty,P45566,Mouse,Rapoo,pice,550,750,9
46781,A7B83A41-6BB1-4AEA-8733-59818F5CFEBC,Rapoo B20 Wireless Moues 1 Year Warranty,P046780,Mouse,Rapoo,pice,550,600,3
45808,57D50577-851C-49AE-8FEC-74D43235E27E,Rapoo C280 HD 2K Computer Camera 1 Year warranty,P45808,Webcam,Rapoo,pice,3500,3700,1
45807,24F68A7A-9211-4C61-9556-30F37F025D6C,Rapoo C500 FHD 4K Computer Camera 1 Year warranty,P45807,Webcam,Rapoo,pice,9000,9200,1
45671,43275CAC-52E9-4C00-9796-382F2C8BB2FC,Rapoo E9050G Dark Grey Multi-mode Ultra-slim Keyboard 02 Year warranty,P45671,Keyboard,Rapoo,pice,2750,2950,1
46440,53C6EA77-CD8D-400D-89BD-36D30562DE10,Rapoo E9050L Darkgray Multimode Wireless Keyboard  2 Years Warranty,P046439,Keyboard,Rapoo,pice,3350,3500,0
45734,53EE269C-EBA7-495A-B953-E662415A4D2C,Rapoo H100 wired stereo headset 01 year warranty,P45734,Headphone,Rapoo,pice,850,1000,1
46323,3083A4E7-8FFF-442D-B8B9-071ECCF84C33,Rapoo H101 Black Wired (Single Pin) Headset  1 Year Warranty,P046322,Headphone,Rapoo,pice,700,800,0
46324,0E15208D-D51B-480F-84E8-30273F537CC2,Rapoo H102 Black Wired (Double Pin) Headset  1 Year Warranty,P046323,Headphone,Rapoo,pice,700,800,0
46174,E6C58CC6-E822-45B7-97D1-EEC754A50A6B,"Rapoo H150S Black USB Stereo Headset ,1 Year warranty",P046173,Headphone,Rapoo,pice,1200,1400,0
45668,2BEFEFD3-453E-4A4A-B754-97D0519958F1,Rapoo K8000M Multi-mode Wireless Keyboard  02 Year warranty,P45668,Keyboard,Rapoo,pice,1200,1400,5
45570,A49B36F1-58D0-4A03-B856-C1BCFD6B44C7,Rapoo M100 Multi Mode Bluetooth & Wireless Silent Mouse 02 year warranty,P45570,Mouse,Rapoo,pice,900,1250,3
45569,12496DCD-C1AB-4D9C-B011-9CC1A849CBA4,Rapoo M160 Silent Multi-mode Wireless Mouse 02 year warranty,P45569,Mouse,Rapoo,pice,900,1250,3
46448,EA1D4493-91F2-4B83-8EE2-03C788977AD5,Rapoo M306 Black Wireless Optical Mouse 2 years warranty,P046447,Mouse,Rapoo,pice,675,750,0
46449,7FEE647B-88A3-4F59-BE5B-D6C0CFA07C57,Rapoo M500 Blue Multi-mode Wireless Mouse  2 years warranty,P046448,Mouse,Rapoo,pice,1250,1350,0
46450,25D85E3C-8A5C-4932-8765-1C29A343E434,Rapoo M650 Dark Grey Multi-Mode Wireless Mouse  2 years Warranty,P046449,Mouse,Rapoo,pice,1300,1400,0
46451,A12E7CCC-03E6-47D4-8138-001EB5D70C38,Rapoo M700 Grey Rechargable  BT Multi-Mode Wireless Moues 2 Years Warranty,P046450,Mouse,Rapoo,pice,2100,2150,0
46452,F9F60E1C-58C4-4C0D-9577-76FACFEFCFDC,Rapoo MT510PRO White Blue Multi-Mode Backlit Mechanical Keyboard 2 Years Warranty,P046451,Keyboard,Rapoo,pice,9000,9500,0
46453,635DBED2-8113-487A-A458-A9D88CD7818C,Rapoo MT550 Black Wireless Multi-Mode Switch BT Mouse 2 Years Warranty,P046452,Mouse,Rapoo,pice,2950,3100,0
46292,F4D12DCB-E24E-4696-88AB-4559F5BCF4C0,"Rapoo MT750S Black Chargeable Multimode Wireless Mouse ,10 Meter ,12 Month Battery, 2Years Warranty",P046291,Mouse,Rapoo,pice,4400,4900,0
46293,6FC98B96-6263-498B-BCC7-1B044355BFDE,Rapoo MT760 Mini Black Wireless Multimode Mouse  2 Years Warranty,P046292,Mouse,Rapoo,pice,4400,4900,0
46294,1059E516-C290-4095-8C54-9F3ACC05939E,Rapoo MT760L Light Black Wireless Multi-mode Mouse 2 Years Warranty,P046293,Mouse,Rapoo,pice,4400,4900,0
45567,07C1CF8A-C3A4-4FA0-AC55-3BDE5DCD8F48,Rapoo N100 Optical Mouse 02 year warranty,P45567,Mouse,Rapoo,pice,300,475,25
45568,AD408310-4526-4C76-8AF5-9FE6675F3E3D,Rapoo N200 Optical Mouse 02 year warranty,P45568,Mouse,Rapoo,pice,300,500,2
45673,27ECB51D-0DC8-42DE-A034-01E615FFD6FE,Rapoo NK1800 USB Wired Keyboard 02 Year warranty,P45673,Keyboard,Rapoo,pice,600,725,6
45672,2CC95AA7-6437-4E37-ACF7-2754925E8752,RAPOO NK2600 Spill-resistant Black Wired USB Keyboard 02 Year warranty,P45672,Keyboard,Rapoo,pice,630,775,3
46702,8823CC0E-2951-43AD-B786-D755AB21FBE6,Rapoo NK8000 Black Mini Wired Keyboard  2 Year Warranty,P046701,Keyboard,Rapoo,pice,850,1000,0
46161,08249E2C-A04D-4353-B63D-18EA882C3F82,Rapoo PD60 Type-C for Type-C PD Data Cable 1.5M,P046161,Cable,Rapoo,pice,400,500,2
46326,F9565C9B-C96F-470F-9618-6AC13152626E,"Rapoo Ralemo Pre 5 Blue Multi-Mode Wireless Mechanical Keyboard ,2 Years Warranty",P046325,Keyboard,Rapoo,pice,4000,4500,0
46454,79975C1C-89CC-498C-A58D-DAC1AB937113,Rapoo V500DIY-100 Black Hot Swappable Backlit Mechanical Gaming Keyboard 2 Years Warranty,P046453,Keyboard,Rapoo,pice,4500,4700,0
46455,38C55E45-40A5-4CCF-A588-EADD1D6C1E3F,"Rapoo V500PRO-87 Black Wired Backlit Mechanical Gaming Keyboard, 2 Years Warranty",P046454,Keyboard,Rapoo,pice,2300,2500,0
46456,C09F74F7-FC3B-4CBF-A1CF-1B40104EB957,Rapoo V600SE Black Wired/Wireless Vibration Gamepad  2 Years Warranty,P046455,Gamepad,Rapoo,pice,3050,3200,0
46271,7F8535BC-B8B0-4080-8D9B-238454D620FE,"Rapoo V700-8A Dark Gray (11972) Mulimode Wireless Mechanical Keyboard ,2 Years Warranty",P046270,Keyboard,Rapoo,pice,5800,6000,0
46272,F70385C7-1C2D-4FC9-9B4A-E2C575F9F68F,Rapoo V700RGB Black Mechanical Gaming Keyboard  2 Years Warranty,P046271,Keyboard,Rapoo,pice,4000,4200,0
45735,EEF1F60F-268C-46E0-B7FC-7E3688DBB918,Rapoo VH160 virtual 7.1 channels gaming headset 01year warranty,P45735,Headphone,Rapoo,pice,2100,2300,2
45733,CE00B44A-F2EC-43C7-8A0C-46A5781169C4,Rapoo VH310 virtual 7.1 channels gaming headset 1 year warranty,P45733,Headphone,Rapoo,pice,2000,2200,1
45736,259D81D7-97B5-42B3-B200-5B67873D142F,Rapoo VH350S virtual 7.1 channels gaming headset 01 year warranty,P45736,Headphone,Rapoo,pice,2600,2800,1
45737,7E21D9D9-3F9A-462C-9580-B7FAF6C8E6A6,Rapoo VH710 virtual 7.1 channels gaming headset 01 year warranty,P45737,Headphone,Rapoo,pice,3600,3800,1
46273,C1505513-57DD-462E-A937-2AA83BE54EF8,Rapoo VPRO v500Pro Black Wired Backlid Mechanical Gaming Keyboard 2 Years  Warranty,P046272,Keyboard,Rapoo,pice,2600,2800,0
46274,4C4E21E4-E0E0-4775-9C71-B6AF0EA75DFC,"Rapoo Vpro V500Pro wired Yellow Dark Blue Backlit Mechanical Gaming ,2 Years Warranty",P046273,Keyboard,Rapoo,pice,4000,4200,0
46295,6756F98A-3466-41F4-94E3-643366F01CC8,rapoo VT9 Air Lite Black Wireless Gaming Mouse  2 Years Warranty,P046294,Mouse,Rapoo,pice,4500,5000,0
46296,76F001EF-62BD-4D61-BD42-695E4C485008,Rapoo VT9Pro Black Wired/Wireless Gaming Mouse 2 Years Warranty,P046295,Mouse,Rapoo,pice,4700,5200,0
46457,085DC90F-EB4F-410B-9EB8-6AC5FF6FDA0A,Rapoo X1500 Black Wireless Optical Mouse & Keyboard   2 Years Warranty,P046456,Keyboard,Rapoo,pice,1550,1700,0
46275,3A29548C-FF11-4A12-A1D4-CB35F12FF23F,"Rapoo X1800 Pro Black Multimedia 2.4G Wireless Keyboard and Mouse ,2 Years Warranty",P046274,Keyboard,Rapoo,pice,1650,1850,0
46458,91479F37-6CCF-4E05-ABC7-380ED3AD1D59,Rapoo X2100 Black Wireless Optica Mouse & Keyboard  2 Years Warranty,P046457,Keyboard,Rapoo,pice,1750,1900,0
46276,81465CD5-C2DA-41C3-9E63-0A9A87751F09,"Rapoo X8100 Black Wireless Keyboard BN, Multimedia Keys 9 Month Battery Life,2 Years Warranty",P046275,Keyboard,Rapoo,pice,1850,2050,0
46121,28496448-64C5-46A7-A96F-7D8B0E428AFF,Realme 3 in 1 cable 1.2 m,P046121,Cable,MI (Xiaomi),pice,410,510,2
45481,1E3DE6A8-FAE6-4923-8952-B2919EE5B2BB,"Realview RV215G1 21.45"" FHD FreeSync LED Monitor",P000010,Monitor,RealView,pice,7650,8100,2
46677,4B3EF8B9-768D-4C0C-8B61-74B89B527DC5,Remax  micro usb charging cable,P046676,Cable,Astrum,pice,80,100,5
46129,25BA2CAA-AEA0-45D2-ACBB-7A600A08F0B8,Robi Wireless pocket router 4G LTE,P046129,Pocket Router,Robi,pice,2600,2800,1
46715,E8350DEC-684A-4354-BE9E-1E010CDFC87A,Round Mouse Pad Colour full,P046714,Mouse Pad,Non Brand,pice,65,70,5
46434,A6B4C729-F23B-4027-8792-6A2D53C52BD3,Router Stand  Metal body,P046433,Hook,Non Brand,pice,550,700,0
46068,6B894132-CA3B-4A03-979C-38D2F126714C,Samaung LED Moniter Adapter 14V 3A6.5 X4.4 Pin,P046068,Adapter,Non Brand,pice,320,450,10
46225,1D648BCC-7C14-4547-8240-5F9972DD2261,Samsung  25 W power Adapter EP-T2510 Warranty 1 Year,P046224,Adapter,Samsung,pice,1400,1600,1
46678,9EB3BA57-E1F4-418E-B514-B3441269A278,samsung 45 W Power Adapter Low standby USB-C  Cable (5A/1.8m) 1 Year Warranty,P046677,Adapter,Samsung,pice,3050,3200,0
46517,AC11E0BA-33DF-43D3-A12A-47CFDB4A87E4,Samsung 990 EVO Plus 2 TB PCLe 4.0 M.2 NVMe SSD   S/L#S7U7NJOY113476 Warranty 1095 Days,P046516,SSD,Samsung,pice,18700,19000,0
46522,CCDB7C4A-19D4-446E-B58E-80E859796BAF,"Samsung 990 Pro 1 TB PCLe Gen 4.0 While Sequential Read Speed -7450,Write Speed-6900MB/s NVMe SSD Warranty 5 Years S/L#S6Z1NU0XC48772",P046521,SSD,Samsung,pice,13900,14300,0
46732,57D666AF-F198-41BF-8087-1DD1272FE254,Samsung Laptop RAM DDR4 2400 MHz 4 GB,P046731,RAM,Samsung,pice,1500,3500,0
46716,8BA69A99-FDF9-4410-B2F5-BA04E0F9E667,"Samsung LS22D300GAW Monitor 22 inch, FHD 1920X1080. IPS, LED,VGA & HDMI , 100HZ Black 3 Years Warranty",P046715,Monitor,Samsung,pice,13300,13800,0
45601,93870610-56CB-447D-B924-C6D4B4A352BB,SanDisk 128GB Ultra USB Type-C Flash Drive,P45601,Pen Drive,SanDisk,pice,1450,1650,2
45599,7BDA4A2C-7AA4-406F-B539-024D3FF24532,SanDisk 32GB Ultra Dual m3.0 OTG Pen Drive,P45599,Pen Drive,SanDisk,pice,650,850,2
45600,67FF1C06-81E7-4937-A2E5-3DEE694C2789,SanDisk 64GB Ultra USB Type-C Flash Drive,P45600,Pen Drive,SanDisk,pice,900,1100,3
45609,80D77E19-C288-4E68-8A8F-66D73A33DA23,SanDisk Ultra 32GB Class-10 120Mbps Micro SDHC UHS-I Memory Card (SDSQUA4-032G-GN6MN),P45609,Memory Card,SanDisk,pice,500,700,3
45608,A5CC0225-FB01-4B6F-96DA-2C1DAEE98D79,Sandisk Ultra 64GB 140Mbps SDXC UHS-I Memory Card (SDSDUNB-128G-GN6IN),P45608,Memory Card,SanDisk,pice,2300,2500,1
46428,9FA2C8EB-0788-419F-89A5-8E0F10DBE4A1,"SDCZ74-128G-G46#SANDIX ULTRA LUXE USB 3.1 FLASH DRIVE CZ74 128GB,USB3.1,FULL CAST METAL 5 YEARS WARRANTY",P046427,Pen Drive,SanDisk,pice,1340,1500,0
46427,8B2BC8F8-EEC7-4BF1-9BCB-2A6CBFAD11B6,"sdsqxcd-256-gn6ma#sandix extreme pro microsdxc,sqxcd 256gb,v30,u3,c10,a2,uhs-1,200mb/s w,4x6,sd adapter lifetime warranty",P046426,Memory Card,SanDisk,pice,3250,3600,0
46136,4830AF1B-B01E-4CCB-BF43-A6A0BEC348CA,"Seagate One Touch 1TB External HDD with Password Protection – Black, for Windows and Mac, with 3 yr Data Recovery Services, and 6 Months Mylio Create Plan and Dropbox Backup Plan (STKY1000400)",P046136,Hard Disk Portable,Seagate,pice,6300,6800,1
46779,2932C5B3-432C-45ED-BF62-FD129287A439,"Seagate ST4000VX016 4TB Skyhawk 5400 RPM SATA Surveillance HDD, 3 Years Warranty  S/L#WW68PQ00",P046778,Hard Disk,Seagate,pice,15200,15300,0
46109,EA4CE651-D297-4834-8122-4615B88372F2,Second HDD caddy,P046109,HDD-SSD Enclosure,Non Brand,pice,120,150,18
46780,C2507502-6A89-46FD-9B77-594B4EC7B692,Smart Android TV Box TX100 Pro 5G 24K UHD ,P046779,TV Box,TX100 pro,pice,1550,1900,0
46328,D8D5C3F0-F21A-4282-8B5B-CC82C4D77B61,Smart LH-064-01 #Lock Head Metal Body USB 3.2 64 GB  800/280 MBPS Pen drive  Life Time Warranty,P046327,Pen Drive,Smart,pice,520,600,0
46327,6B5EEA56-3634-44F7-845E-BFD9D0DB348B,Smart SM12-032-01 #X4 Premier SM12 Plastic Body USB3.1 32 GB Black 20/100 MBPS  Pendrive Life time warranty,P046326,Pen Drive,Smart,pice,350,400,0
46331,3F9DB342-B865-4CB8-817F-A49199891306,Smart SM12-128-01#X4 Premier SM12 Plastic Body USB 3.1  128 GB Black 20/100 MBPS Pen Drive Lifetime Warranty,P046330,Pen Drive,Smart,pice,600,700,0
46627,86DE1C3F-7493-41BF-BB54-9C47F291075C,Sony Playstation dualSense Charging Station for PS5 (No parts Warranty) S/L#SNA20317806,P046626,Charger,Sony,pice,2950,3200,0
46585,03FD1802-A793-4DBE-8F43-2D347085251F,Sony PS5 1TB Slim,P046584,Gamepad,Sony,pice,70000,70500,0
46584,43B750A2-1855-41E3-AB74-0F1E5C20BD3E,Sony PS5 Controller Black,P046583,Gamepad,Sony,pice,9000,9200,0
45786,3C44E93B-016C-4BBA-A4C9-1B507B49626F,Star Ink Premium Laser Toner Cartridge CBT-107A(W1107A) Without chip,P45786,Toner,Star Ink,pice,800,900,3
45783,91687FCA-BFCF-4591-84C0-2773623932EA,Star Ink Premium Laser Toner Cartridge CBT-CB435A/436A/CE285A/278A/CRG-125/312/313/325/713/725/912/913/925,P45783,Toner,Star Ink,pice,520,620,20
45789,D8B7DF45-EC7E-45D0-8C6E-B5A6D7E3429F,Star Ink Premium Laser Toner Cartridge CBT-CE505A/CF280A,P45789,Toner,Star Ink,pice,700,800,1
45787,A8D9ADEF-86A0-4250-A76C-833C37719385,Star Ink Premium Laser Toner Cartridge CBT-CF27A9,P45787,Toner,Star Ink,pice,580,680,1
45788,F6E3B664-40D9-4864-8630-FDBE17797A14,Star Ink Premium Laser Toner Cartridge CBT-CRG-052/CF226A,P45788,Toner,Star Ink,pice,750,850,2
45790,01A82C24-557A-48E8-8BDE-2B01E3198E38,Star Ink Premium Laser Toner Cartridge CBT-Q5949A/Q7553A/CRG-308/315/508/515/708/715,P45790,Toner,Star Ink,pice,900,1000,1
45785,29713DA5-7740-45CA-8C97-9E96DB5DDBCB,Star Ink Premium Laser Toner Cartridge CBT-TN630/2375,P45785,Toner,Star Ink,pice,700,800,2
45784,81491ADB-E8B8-4B90-A4ED-D5046199FDD5,Star Ink Premium Laser Toner Cartridge CBT-TN880/3467/3470/3472/3478/3479/63J,P45784,Toner,Star Ink,pice,1100,1200,1
46338,064881DE-6404-4443-807F-AFD072C3AD07,Super View Android TV Box TX3 Quad Core ARM Cortex A53 RAM 2 GB Room 16 Gb 6 Month Warranty,P046337,TV Box,Super View,pice,1800,1900,1
45817,2423CB59-0004-41E1-BFAD-380F047C8EA0,Super View TV3860E VGA Smart Android TVBOX,P45817,TV Card,Super View,pice,1550,1800,4
46220,EBFD416E-CDC1-4050-9CAA-CFD2CD12DDA3,Supervooc  80W Power Adapter (Type -A) EU Warranty 1 year,P046219,Adapter,One plus,pice,2250,2400,0
46250,262E8C1E-7C62-4252-ADD0-F2E243E638E6,"Team 128Gb SATA  GX2  2.5 "" III 3D NAND TLC Internal Solid Stade Drive T253X2128G0C101 Read up to 500MB/S Max; Write up to 320MB/s Warranty 3 years ",P046249,SSD,TEAM,pice,1400,1600,0
46249,377B2635-72AA-43EF-BB8C-2C47DFB49DEE,TEAM 256 GB T-FORCE VULCAN Z 2.5 INCH SATA III 3D NAND TLC INTERNAL SOLID STATE DRIVE T253TZ256G0C101 READ UP TO 520MB/S MAX; WRITE; 520MB/S 3 YEARS WARRANTY,P046248,SSD,TEAM,pice,2000,2200,0
46580,FE55433C-5C6A-4D74-93B3-57BA657246AF,"Team Vulcan Black 8gb DDR5 6000MHz Desktop RAM #FLBD516G6000HC38ADC01(Product lifetime warranty) S/L#EF2504090650300 ,EF2504090650299",P046579,RAM,TEAM,pice,3500,3700,0
45887,886F73C3-3AAD-48A5-892C-F374E40C54BB,Tenda F3 300mbps 3 Antennas Router 01 year warranty,P45887,Router,Tenda,pice,1050,1250,2
46304,A7CE33D5-C5DA-4579-8C48-380DF81973E4,Tenda W311M1 AX 300 Wireless  WiFi Adapter ,P046303,Adapter,Tenda,pice,500,550,1
46527,BEBBBE6E-1628-4AFF-9212-A57421F96065,Thermalright Frost Spirit 140 V3 White Air CPU Cooler  S/LN55.02.932.116  Warranty  3 years,P046526,CPU Cooler,Tharmalright,pice,6500,6700,0
46778,E463F8A6-1FDF-4E50-A656-F3F73AA68458,Thermaltake CPU Cooler CL-P142-AL12SW-A UX400 ARGB/Air Cooler/12025/PWM 600~1800RPM/ARGB Fan 5V MB Sync/Black,P046777,CPU Cooler,Thermaltake,pice,2200,2400,0
45867,559CC02D-BC93-45F5-8957-4BB567ECB310,Thermaltake LITEPOWER W0422RE 350W Power Supply 2 Year warranty,P45867,Power Supply ,Thermaltake,pice,2800,3000,8
45866,729BB705-0F86-4419-AB52-FE7EF2D45AA4,Thermaltake SMART BX1 RGB 550W Power Supply 5 Year warranty,P45866,Power Supply ,Thermaltake,pice,5300,5500,2
45983,AA9FCFF7-3EE2-47FA-99BF-E0774F8580BA,Thermaltake TG-30 Thermal Grease #CL-O023-GROSGM-A,P045983,Thermal paste,Thermaltake,pice,800,900,5
46526,AB276D6D-A616-4F32-9BCA-36611C0A9E52,Thermaltake Toughpower GF A3 850W 80 Plus Gold Fully Modular Power Supply  10 Years warranty  S/L#FNFAGKHP1000111,P046525,Power Supply ,Thermaltake,pice,12500,12700,0
45968,EDB2011B-A9C6-4F89-851C-6A227FA2FA53,Thunder P40 mini,P45968,Speaker,Thunder,pice,3400,3600,1
46137,6796B502-E463-4263-80C9-FC9034259450,TOSHIBA (HDWT720UZSVA) 2TB 5400 RPM S300 Surveillance SATA Hard Disk Drive,P046137,Hard Disk,Toshiba,pice,7600,7800,1
46265,2FADC8DB-CE19-4A55-939A-81E319C2A38A,Toshiba ADTB520AK3AA 2TB Canvio Basics USB 3.2 Black External HDD  3 Years warranty  ,P046264,Hard Disk Portable,Toshiba,pice,8900,9100,0
46708,594D3F31-6B89-40B3-AAE6-E30037DA1D30,Toshiba ADTP310AK3AA 1TB Canvio Ready   USB 3.2 Black External HDD  3 Years warranty  Years   S/L#75PPP3XFTCRJ,P046707,Hard Disk Portable,Toshiba,pice,7200,7700,3
46354,418EE953-481E-4E00-92B5-18A848FACD5C,Toshiba E-Studio 2523AD Duplex A3 Multifunction Photocopier  S/N:CPJQ73170,P046353,Photocopier,Toshiba,pice,53000,54800,0
46077,B7F96080-DE82-45DD-9970-F8A02DF37307,Toshiba Laptop Adaptor 19V3.42A,P046077,Adapter,Non Brand,pice,285,450,1
46138,7D109CCE-1E38-4EAF-B60A-41BC7E8E8DB7,Toshiba P300 2TB 3.5 Inch SATA 7200RPM Desktop HDD #HDWD320UZSVA  S/L#93K2S877SGCJ 3 Years Warranty,P046138,Hard Disk,Toshiba,pice,7900,8200,2
46168,6C60B828-038D-4000-94A8-8D6E175FBCA0,Toto Link AC650 wireless Dual band USB Adapter,P046168,WiFi adapter,Toto Link,pice,900,1000,2
45880,FCE915FC-0DE4-49B6-94DD-A6C9B2222D63,TOTOLINK N300RT 300mbps Wi-Fi Router 01 Year warranty,P45880,Router,TOTOLINK,pice,1200,1400,4
45879,CEB7D3A8-CDEC-4215-8598-635772F682BD,TOTOLINK N302R+ 300Mbps Wireless N Router 01 Year warranty,P45879,Router,TOTOLINK,pice,1300,1500,2
45881,06F6D0D0-DC7C-4852-9FAE-828000B0BA38,TOTOLINK N350RT 300mbps Wi-Fi Router 01 Year warranty,P45881,Router,TOTOLINK,pice,1300,1650,3
46314,2E6F2527-F1F2-4648-95D4-D937AAB7893E,Tp-Link All Archer -C20  AC-750 Dual band Router  1 Year Warranty  S/N:22454P8000974,P046313,Router,TP LINK,pice,2000,2200,0
46310,2C4AF8D3-4CFD-474C-8DC1-70BD00415930,Tp-Link All Archer C64  AC-1200 Gigabit Router  1 Year Warranty  S/N:22451T0005585,P046309,Router,TP LINK,pice,2800,3000,0
46313,3395FB2C-432C-41B6-8D94-B843610A40A7,Tp-Link All Archer- C54 AC-1200 Dual Band Router  1 Year Warranty  S/N:22491C1005993,P046312,Router,TP LINK,pice,2100,2300,0
46311,5574779E-CECA-4E0A-B757-D8849DF1F344,Tp-Link All Archer- C80  AC-1900 Gigabit Dual Band  Router  1 Year Warranty  S/N:22470W6002314,P046310,Router,TP LINK,pice,3900,4100,0
46312,B9EFBD11-55B0-4827-9DA6-8C291A68960A,Tp-Link All Archer-C86 AC-1900 Gigabit Dual Band Router  1 Year Warranty  S/N:2247448000844,P046311,Router,TP LINK,pice,4200,4400,0
46588,F7143473-44CC-4856-8405-DDB9665D1948,TP-Link All AX53 -AX3000 Dual Band  Wi-Fi 6 Router warranty 1 Year  S/L#22521E6005175,P046587,Router,TP LINK,pice,6100,6300,0
46320,9A83369B-19C4-4754-8555-AE3C7DE462B3,Tp-Link All Deco E4 AC1200 Dual Band Router  1 year Warranty   S/N:22451H8001691,P046319,Router,TP LINK,pice,2500,2800,0
46321,08A5FEB5-7876-4D56-A4B0-779556DB651D,Tp-Link All Deco M4 AC1200 Dual Band router  1 Year Warranty S/N: 225605N001825   &225605N001941,P046320,Router,TP LINK,pice,3420,3800,0
46322,8C4EFF87-3504-4915-95F4-62E4125DC8F0,Tp-Link All Deco M5 AC1300 Dual Band Router 1 Year Warranty  S/N#22450Y8000088,P046321,Router,TP LINK,pice,5100,5500,0
46315,799DBC63-32EE-412B-A809-DE9ECFD8E32E,Tp-Link All WR-820N  300 Mbps  Router  1 Year Warranty  S/N:22446M2011564,P046314,Router,TP LINK,pice,1060,1150,0
46319,32C2A7D3-F876-4A4B-B1D3-A2823F1EB8BA,Tp-Link All WR-840N   300 Mbps Router  1 Year Warranty  S/N:22492X1006941,P046318,Router,TP LINK,pice,1290,1400,0
46316,3886F30F-4A97-4734-82E6-48B2F000218A,Tp-Link All WR-841N   300 Mbps  Router  1 Year Warranty  S/N:22451C2015100,P046315,Router,TP LINK,pice,1470,1600,0
46317,24C090D5-EF37-4601-94A8-BC3EAA899BDB,Tp-Link All WR-845N   300 Mbps Router  1 Year Warranty  S/N:22470J3006651,P046316,Router,TP LINK,pice,1600,1750,0
46318,B82422AB-2452-4784-BE8F-63823F2C0AF5,Tp-Link All WR-850N   300 Mbps Router  1 Year Warranty  S/N:2248826000918,P046317,Router,TP LINK,pice,1300,1450,0
45885,17F6EAB7-2307-4429-8704-C035245021A9,TP-Link Archer C6 AC1200 1200mbps MU-MIMO Gigabit Router  01 Year Warranty,P45885,Router,TP LINK,pice,3390,3990,6
45886,024EB4F9-27E2-457E-9A34-EF7DA1609B80,TP-Link Deco M4 (2 Pack) Whole Home Mesh Wi-Fi System AC1200 Dual-band Router 01 year warranty,P45886,Router,TP LINK,pice,8500,10490,1
46252,C230A04D-396A-410B-8ADB-98D5359A601B,Tp-link Router All Deco X10-AX1500 1 pack  warranty 1 year,P046251,Router,TP LINK,pice,4400,4600,0
46441,8ADFC863-3AF1-4D72-8A46-B1B1CF89DA43,Tplink Onu All XZ000-G7 Xpon Gigabit  1 Year Warranty,P046440,ONU,TP LINK,pice,1080,1250,0
45489,C2042DE6-08BE-4CD8-9B1F-B455AF4C2A1C,Transcend 110Q 500GB NVMe M.2 2280 PCle SSD 3 years warranty,P000018,SSD,Transcend,pice,3100,5600,1
45484,3F6FF5EB-4AA4-47F8-8508-294328190104,Transcend 110S 128GB NVME SSD 05  Years warranty,P000013,SSD,Transcend,pice,2450,2650,6
45490,3E939C87-CCE5-4129-81FF-666E215CEFDA,Transcend 115S 500GB M.2 PCIe Gen3 x4 NVMe SSD (M-Key) 5 years warranty,P000019,SSD,Transcend,pice,4450,4600,1
45611,5F6A6039-094E-41EB-ACD6-5010277E45F6,Transcend 128GB Micro SD UHS-I U3 Memory Card with Adapter (TS128GUSD300S-A),P45611,Memory Card,Transcend,pice,1350,1550,3
45486,5F9078C3-0F2E-4FC4-A4B7-9624FDAD9416,Transcend 220Q 1TB 2.5'' SATA SSD 03 years warranty,P000015,SSD,Transcend,pice,4900,7800,1
45485,2DCA1CD2-5190-43BA-B68C-71499BA12FE4,Transcend 220S 120GB 2.5 Inch SATA SSD 03 years warranty,P000014,SSD,Transcend,pice,2300,2450,4
45487,61BEDFB9-2F5E-4D91-8F7E-037B4FD2972A,Transcend 230S 256GB 2.5 Inch SATA SSD 5 years warranty,P000016,SSD,Transcend,pice,2850,4300,4
45612,A9F78C2A-F123-4B92-8A9F-F7D94E34A657,Transcend 256GB Micro SD UHS-I U3 Memory Card with Adapter (TS256GUSD300S-A),P45612,Memory Card,Transcend,pice,2500,2700,1
45619,81285F27-40B8-4D44-B43B-AA781BD70EFE,Transcend 4GB DDR4 2666MHz Bus SO-DIMM Laptop RAM ,P45619,RAM,Transcend,pice,1800,2000,1
45491,70E83CC4-35E7-47ED-A056-8D05AFE7C3A3,TRANSCEND 512GB 220S NVME PCIE M.2 SSD 05 years warranty,P000020,SSD,Transcend,pice,4500,6600,1
45610,0BDAEA4E-277A-42EF-929F-F8E2712EF456,Transcend 64GB Micro SD UHS-I U1 Memory Card with Adapter (TS64GUSD300S-A),P45610,Memory Card,Transcend,pice,750,850,2
45488,F26B4D95-2729-4A26-8CCC-E7A10EEB2130,Transcend 820S 240GB M.2 2280 SATA SSD 03 years warranty,P000017,SSD,Transcend,pice,3100,3300,4
46481,A7F5FB92-B4A8-4DD6-B5FB-CF2C9A729F96,Transcend desktop RAM 16 GB DDR5 JM5600ALE-16G JM DDR5 5600 U-DIMM 1RX8(2GX8)X8 CL46 1.1V,P046480,RAM,Transcend,pice,5600,6000,0
46562,2AABA39A-1613-470A-80C0-6C09D8A237C1,Transcend Dual USB 10 Gbps ESD310 Portable 1TB SSD TS1TESD310S  5 Years Warranty,P046561,SSD External ,Transcend,pice,10300,10800,0
45493,75DE1764-8A8C-4AA7-9B5D-BD51B1D93C7D,Transcend ESD240C 240GB USB 3.1 Type-C Portable External SSD  03 years warranty,P000022,SSD External ,Transcend,pice,4400,4500,1
45492,53A9F7B0-DEA1-4144-A008-65B2C8AB797F,Transcend ESD370C 500GB USB 3.1 Portable External SSD 03 years warranty,P000021,SSD External ,Transcend,pice,7100,7500,2
46432,C61BF11C-AD47-4C43-9DFC-E1C3DEDADC5E,"Transcend External SSD 1TB  Ts1TESD360C USB3.2 Gen 2x2,Type C Read & Write speed up to 2000 MB/S Warranty 5 Years  S/L#I862250410 ",P046431,SSD,Transcend,pice,9800,10300,0
46290,626EA2E7-D1E9-4D6F-8B0C-3DCCB6540192,Transcend External Storage TS2TSJ25H3B USB3.1 Gen 1 storejet 25H3B 2TB Portable Hard Drive 3 Years Warranty  S/L#I82020-0020,P046289,Hard Disk Portable,Transcend,pice,9700,12000,0
46289,C9741FFE-58F2-4AB7-8B7E-F01A2381F2D3,Transcend External Storage TS2TSJ25M3G USB3.1 Gen 1 storejet 25M3G 2TB Portable Hard Drive 3 Years Warranty,P046288,Hard Disk Portable,Transcend,pice,9700,10000,0
46563,722A2BF8-7154-4064-A861-C761CB2941A5,Transcend JetFlash 790 USB 3.1 Gen 1 256 GB pen drive  5 Years Warranty,P046562,Pen Drive,Transcend,pice,2000,2400,0
45618,B8222275-027A-4624-BB14-775D537F4AD6,Transcend JetRAM 16GB DDR4 3200Mhz SO-DIMM Laptop RAM ,P45618,RAM,Transcend,pice,4000,7500,3
45620,8566B432-F968-431B-83FF-ED4E34E83B7D,Transcend JetRam 16GB DDR4 3200MHz U-DIMM Desktop RAM,P45620,RAM,Transcend,pice,4200,6700,3
45621,921F85CE-64AB-4AE2-8949-C36C1C2D4F46,Transcend JetRam 4GB DDR4 3200MHz U-DIMM Desktop RAM,P45621,RAM,Transcend,pice,1600,1800,3
45523,936077E3-BFB3-4907-99E7-A9854B5D593A,Transcend RDF9 USB 3.1 Gen 1 Card Reader 02 years warranty,P000051,Card Reader,Transcend,pice,1650,1800,1
46286,2B58383D-EBD0-4B6F-A4C7-26EF3E2FA35C,Transcend Storejet 25C3N USB 3.1 Gen 1 Portable Hard Drive Extra Slim 1TB 3 Years Warranty,P046285,Hard Disk Portable,Transcend,pice,7700,8000,0
45494,85CE00B3-0FCD-4FC2-AF69-F92BD1C5D7C5,Transcend StoreJet 25M3C 1TB USB 3.1 Type-C Portable Hard Disk 3 years warranty,P000023,Hard Disk Portable,Transcend,pice,7100,7500,1
46288,0485D5ED-E320-4BA6-987F-0EFFC0BB3C4F,Transcend StoreJet TS1TSJ25H3B 1TB USB3.1 Gen1 Portable Hard Drive  3 Years Warranty,P046287,Hard Disk Portable,Transcend,pice,7600,7900,0
46287,EFE2AE76-FFAC-46BB-9676-3BCC253DF75E,Transcend StoreJet TS1TSJ25M3G 1TB USB3.1 Gen1 Portable Hard  Drive  3Years Warranty,P046286,Hard Disk Portable,Transcend,pice,7500,7800,0
46786,AD812B8C-C821-49AD-B7CB-1126E1891D40,Transportation from Agrabad to GEC ,P046785,transport,Non Brand,pice,300,400,2
46416,89781FC2-592F-4B30-880E-810879391617,Twinmos 128GB M.2 SATA 111 TLC 3D NAND Solid State Drive  580/550 MBPS #NGFFDGBM2280  3 Years  Warranty,P046415,SSD,TwinMOS,pice,1350,1500,4
46417,6D18ED8F-D974-48D0-ABEB-3A4846ADBC4B,"Twinmos 128GB M16 USB 3.2 Super Speed Flash Drive, Color Matte Black Metal  5 Years Warranty",P046416,Pen Drive,TwinMOS,pice,880,1000,0
45623,BEB6106D-0FE1-4F76-A9AD-1F25D5B11DCD,Twinmos 16GB DDR4 3200MHz SO-DIMM Laptop RAM ,P45623,RAM,TwinMOS,pice,3600,3800,3
46650,3DD8425E-0570-4526-89C4-958ED729CE07,Twinmos 16GB DDR5 6000MHz UDIMM Heatsink(Black) Volt-X  CL36 #TMD516GB6000U36  Warranty Product Life time,P046649,RAM,TwinMOS,pice,6200,7300,0
46248,5E77722A-36C1-42DF-8490-F944E10A9B47,Twinmos 1TB Alpha Pro M.2 NVME (PCIE GEN.3.0X4)TLC 3D NAND Solid stade drive #NVMEGGBM2280/NVME1TB2280AP  5 Years Warranty  S/L#M2NVMEDYO505092630,P046247,SSD,TwinMOS,pice,7400,8400,0
46649,F7872093-8E42-4A53-B24B-B70F89AF63E9,Twinmos 1TB M.2 NVMECorex (PCIE Gen 4.0x4)TLC 3D NAND Solid Stade Drive #NVCX1TBG42280 5 Years Warranty,P046648,SSD,TwinMOS,pice,7700,8500,0
46335,72918E78-87E9-4216-B902-01D3F0A3435E,"Twinmos 256 GB H2Ultra Hyper 2.5"" Sata lll  TLC 3D NAND Solid State Drive 580/550 MBPS #TM256GH2U/TM256GH2UGL 3 Year Warranty",P046334,SSD,TwinMOS,pice,2150,2450,0
46246,4FA2E3A9-848A-4D9C-800A-C57F1B1F2788,Twinmos 256 GB M.2 NVME (PCIE GEN.3.0X4)TLC 3D NAND Solid stade drive #NVMEFGBM2280/NVME256GB2280AP  5 years warranty,P046245,SSD,TwinMOS,pice,2300,2500,0
45624,95A3C8A6-926F-4E8E-B7CB-69785B0EAD65,Twinmos 4GB DDR3 1333 BUS Desktop RAM ,P45624,RAM,TwinMOS,pice,1200,1400,6
45627,E3933E6D-CDE2-4F90-942F-8D8BE2FEEF77,Twinmos 4GB DDR4 2400 BUS Desktop RAM,P45627,RAM,TwinMOS,pice,1300,1500,4
46247,2D2AC330-175B-47FD-892F-AF08A05AB3F7,Twinmos 512 BG Alpha pro M.2 NVME (PCE GEN 3.oX4) TLC 3D NAND SOLID STADE DRIVE #NVMEFGBM2280/NVME512BG2280AP 5 Years Warranty,P046246,SSD,TwinMOS,pice,4250,4800,0
46443,176EA4C4-FAFA-44F8-B0CF-138BFA67C431,Twinmos 512 GB H2Ultra SATA III TLC 3d NAND  Solid State Drive 580/550 MBPS#TM512GH2U/TM512GH2UGL 3 Years Warranty ,P046442,SSD,TwinMOS,pice,4200,4600,0
46419,2D307D44-ADE2-4918-963C-7120838D21E7,"Twinmos 64GB M16 USB 3.2 Super Speed Flash Drive, Color Matte Black Metal Body  5 Years Warranty",P046418,Pen Drive,TwinMOS,pice,530,600,0
45625,EE3A9C2B-1CF3-435E-BCCF-0B536B1BBFBB,Twinmos 8GB DDR3 1600 BUS Desktop RAM,P45625,RAM,TwinMOS,pice,1800,2000,3
45626,5228AB7A-40EF-488A-A8FF-BD2F056ABE60,Twinmos 8GB DDR4 2400 BUS Desktop RAM,P45626,RAM,TwinMOS,pice,2200,2400,2
45622,3555FC45-6F9F-4561-8DAA-F71810313E5F,Twinmos 8GB DDR4L 3200MHz SO-DIMM Laptop RAM ,P45622,RAM,TwinMOS,pice,2200,2400,3
45628,9F878C61-0FB1-435C-8086-FE156098E2D4,TwinMOS 8GB TornadoX6 DDR4 3200MHz U-DIMM for Desktop RAM,P45628,RAM,TwinMOS,pice,2300,2500,2
45518,A46F2DFA-68D0-4F74-AE77-6709799C4EE4,TwinMOS AlphaPro 128GB NVMe M.2 2280 SSD 03 years warranty ,P000046,SSD,TwinMOS,pice,1900,2100,6
45513,C4A9B15D-2FBA-4D97-B4F0-55BBF1B8FF6C,TwinMos Hyper H2 Ultra 128GB SATA III SSD 3 years warranty,P000041,SSD,TwinMOS,pice,1500,1700,0
45508,8D29B1FD-6F41-46A0-A119-6C703D91D0DB,Twinmos Hyper H2 Ultra 1TB 2.5 Inch SATA 3 years warranty ,P000036,SSD,TwinMOS,pice,6600,7000,1
46497,E10F3CC1-8429-450D-886E-391605DDC843,Twinmos Mobile Disk USB 3.2 X3  Ultra 32  GB  5 Years warranty,P046496,Pen Drive,TwinMOS,pice,400,500,4
46279,A76A6474-054D-4812-82FF-B38721B15482,Type c USb hub high speed 4 port multi Splitter adapter ,P046278,Hubs & Docks,Non Brand,pice,210,300,0
46291,130620B2-C40D-4C09-AD90-85AEFD00C551,Type-C Adapter 7 in 1 USB3.0 & USB-C toUSB3.0 & USB2.0 HUB ,P046290,Hubs & Docks,Non Brand,pice,570,800,0
46005,3AED516E-0F51-42A2-BB9B-26BA06B5867A,Ugreen  4 in 1 USB 3.0 card reader Model#30333  1 year warranty,P046004,Card Reader,UGreen,pice,1200,1400,3
46573,470484E9-730B-480A-AEFB-56B243A810EF,Ugreen  50743 USB-C  2.5 inch Hard Drive Enclosure Model #US221,P046572,HDD-SSD Enclosure,UGreen,pice,1100,1400,0
46574,01668487-DFDD-4002-A19D-3E5A1DFE3AF6,Ugreen  50922  USB to RJ45 Ethernet Adapter Aluminum Case (Space Gray) Model #CM209 1 Year Warranty,P046573,Adapter,UGreen,pice,1400,1700,0
46576,BA06B279-F914-4E46-A207-CF75338124CD,Ugreen  70498  2.5 Inch Sata External Hard Drive Enclosure Model # CM300  1 Year warranty,P046575,HDD-SSD Enclosure,UGreen,pice,1900,2200,0
46101,90DAD94A-199D-4FE0-AE7D-E26C7E1B073E,Ugreen  HDMI Male to Female 8k extension cable,P046101,Cable,UGreen,pice,400,600,1
46095,69DFBDE3-BD0A-4B69-9E49-539FEC784753,Ugreen  US128 USB3.0 male to male cable 0.5m,P046095,Cable,UGreen,pice,450,550,3
46002,F6DF85A4-5090-4C50-949A-488877DFC0A2,Ugreen  USB Card ReaderTF+SD,P046001,Card Reader,UGreen,pice,800,900,1
46500,942333D4-F286-4A64-A2A5-28F54808668C,Ugreen 10135 HDMI to DVI Cable 2 M(Black)#HD106  1 Year warranty,P046499,Cable,UGreen,pice,520,720,0
46501,1FE21950-1C83-47E1-AE7A-86BEA5AC3278,Ugreen 10136 HDMI to DVI Cable 3m (black) #HD106 1 Year warranty,P046500,Cable,UGreen,pice,600,800,0
46550,52DC9218-947C-448C-8702-0A064C5B3E63,Ugreen 10203 DP Male to HDMI Male Cable  3m (Black) Model#DP101,P046549,Cable,UGreen,pice,1050,1400,0
46502,C2BB1344-5CEF-4AD2-9B4C-FC199EEB41DF,Ugreen 10221 DP Male to DVI Male Cable 2M(Black)#DP103    1 Year warranty,P046501,Cable,UGreen,pice,925,1200,0
46503,2F4F7B39-A857-4250-8830-DA9E43615DF4,Ugreen 10243  DP Male to DVI Male Cable 1.5M (Black)#DP103  1Year warranty,P046502,Cable,UGreen,pice,825,1100,0
46402,273344DF-C606-40B0-AE72-D86C5280C444,Ugreen 10749 3.5mm Male to 2RCA  Male 1 m (Black)#AV116,P046401,Adapter,UGreen,pice,350,500,0
46566,53232666-AEE5-49FD-BBF1-E443C28378AD,Ugreen 10934 Desktop USB Microphone  Model#CM379  1 year warranty,P046565,Microphone,UGreen,pice,2500,2700,0
46357,CFC963B4-90E1-41F8-9440-B64CD4DA6BC8,Ugreen 15375 USB -C Multifunction 9 in 1  Adapter #CM498,P046356,Adapter,UGreen,pice,5000,5200,0
45992,B0BE71D2-18AB-43EE-854D-9DE709D19602,Ugreen 15598 Revodok 1061  6-in-1 USB-C  Docking Station #CM512,P045991,Adapter,UGreen,pice,2400,2800,1
46358,FF379A35-0240-48AA-BBEA-97DB2FE550F7,Ugreen 15601 USB-C Multifunction 10 in 1 Adapter #CM498,P046357,Adapter,UGreen,pice,4000,4200,0
46672,37A22C36-E87D-48B0-902C-14664C76057D,Ugreen 15601 USB-C Multifunction 10-in 1 Adapter #CM498r ,P046671,Adapter,UGreen,pice,4000,4500,0
46632,022EF7DD-19E7-4FD8-9EDB-4706BE645236,Ugreen 20107 HDMI Female to Female adapter(black) Model#20107,P046631,Adapter,UGreen,pice,170,250,0
46255,0C9A466C-F312-4E74-8429-4F75FD0EF7A4,Ugreen 20110 HDMI Male To Female Adapter UP#HD112,P046254,Adapter,UGreen,pice,175,250,0
46504,5F5B570C-A1E8-4382-A566-F7F86CE31AA9,ugreen 20119 USB 3.0 A/F to A/F Adapter Aluminum Case#US381  1 Year warranty,P046503,Adapter,UGreen,pice,250,350,0
46567,E3626D1B-6D5E-4736-9E3B-E630FE63D818,ugreen 20120 USB 2.0 USB-C/F to USB 2.0 B/M Adapter Aluminum case Model#US382 1 year Warranty,P046566,Adapter,UGreen,pice,350,450,0
46633,43A9C3DB-5C2D-4A6B-BA70-E08E6A026EFF,Ugreen 20192 USB-C Male to 3.5mm Male Audio Cable with Chip 1m Model#CM450,P046632,Cable,UGreen,pice,550,700,0
46505,D3A932FD-2FD1-4D2D-A3A6-EF005E4D6234,Ugreen 20291 USB 3.0 Hub  1M (Black)  1 Year warranty,P046504,Hubs & Docks,UGreen,pice,900,1200,0
46634,BF7C0296-CC70-4381-9590-55D38DF8EC7A,Ugreen 20808 USB-C to USB 3.0 Female Adapter (Black) Model#US173 ,P046633,Adapter,UGreen,pice,200,300,0
46436,8D1483F2-3EA1-4BB7-B58C-D0E228361FA7,Ugreen 20857 Right Angle USB-A to USB -C Cable 2m (Space Gray)#US176,P046435,Cable,UGreen,pice,420,600,0
46437,A78D0FD6-6A0C-4F0C-A18D-BACA5FC23B09,Ugreen 20882 USB 3.o A Male to Type C Male Cable Nickel Plating 1M (Black)#US184,P046436,Cable,UGreen,pice,400,550,0
46435,9CCEE565-3875-4042-80C7-E9D7EE8AB118,Ugreen 20883 USB 3.0 A Male to Type C Male Nickel Plating 1.5m(Black)#US184 ,P046434,Cable,UGreen,pice,420,600,0
46429,07FD9871-5895-4B3F-A8E6-F8422C3E674D,Ugreen 20884 USB 3.o A Male to Type C Male Cable Nickel Plating 2M (Black)#US184,P046428,Cable,UGreen,pice,500,650,0
46359,A9B4E9DE-D902-4F05-B04B-751A33DE1C05,Ugreen 20956A USB-C Multifunction 6 in 1 Adapter #CM511,P046358,Adapter,UGreen,pice,2500,2800,1
46568,0B2767F8-CDF4-4A98-8A01-053E1C78B1A5,Ugreen 25052 USB-C to RJ45 2.5G Ethernet Adapter  Model #CM648 Warranty 1 year,P046567,Adapter,UGreen,pice,2000,2300,0
46551,0094511F-DBFE-450F-8DFB-0E78852CD40E,Ugreen 25157  USB-C to Display Port 8K Cable 1m  Model#CM556,P046550,Cable,UGreen,pice,1150,1500,0
46552,6CE9D5CE-93DB-47B7-A9D6-F9A1629ECA08,Ugreen 25243 Ergonomic Mouse Pad Green Model #LP668,P046551,Mouse Pad,UGreen,pice,475,600,0
46553,744038AA-1FC7-4DAA-9FA6-F614CC951B47,Ugreen 25244 Ergonomic Mouse Pad with rest Gray  Model #LP668,P046552,Mouse Pad,UGreen,pice,475,600,0
46554,1F43B16F-CA53-4BF7-9E7C-D7B4083F05EF,Ugreen 25245 Ergonomic Mouse Pad with wrist rest Black  Model #LP668,P046553,Mouse Pad,UGreen,pice,475,600,0
46506,E914FC65-43C6-428D-B325-520F94D5F565,Ugreen 25683 20000mAh  Two-Way Fast Charging Power Bank#PB312 1 year warranty,P046505,Power Bank,UGreen,pice,2500,2800,0
46635,ED1DBE60-7446-4C40-ABE5-C7C9C9ACE4C4,ugreen 25946 4-port USB 3.0 Hub Model#CM219,P046634,Hubs & Docks,UGreen,pice,700,900,0
45996,98E14F24-F82C-4654-9DEE-7AD170FC1981,UGREEN 25CM BLACK USB 3.0 HUB (50263),P045995,Adapter,UGreen,pice,1300,1600,1
46059,7CBAD130-DB21-4EB2-92B0-A5E1E034E1E7,Ugreen 3 port USB 3.0 PCI Expension Card  Model#30775,P046059,Expension Card,UGreen,pice,2500,2700,1
46092,6A2B23AB-CC4A-4656-87D8-F3D23EF02BE5,Ugreen 3.5mm Female to 2 male audio cable  Aluminum case,P046092,Adapter,UGreen,pice,500,700,3
46102,B4129CA1-595C-4A76-BFE3-0DC9460BE389,Ugreen 3.5mm Male to 3.5mm Male cable 2m,P046102,Cable,UGreen,pice,450,600,3
46636,DB2CB20D-8F58-487D-B8F7-C3F763F617CE,Ugreen 30155 USB-C to USB 3.0 A Female Adapter(White) Model#US173,P046635,Adapter,UGreen,pice,225,350,0
46637,9E8B37C9-5444-4B61-9851-2BD118D661C3,Ugreen 30732 USB Type C Male to 3.5mm 2Female Audio Cable space Gray  25cm Model#AV144,P046636,Cable,UGreen,pice,400,600,0
46730,3525AE01-C863-4DAA-ABF0-6DE9F7F600B1,"Ugreen 30779 USB 3.0 10 Port HUB (USB-B to USB3,0 Cable)#CM482",P046729,Hubs & Docks,UGreen,pice,5500,6000,0
46569,957A21A8-A872-4AAA-ADEE-1F55683E2407,Ugreen 30847 2.5 inch Hard Drive Box with Built-in USB 3.0 Cable Model #US221  1Year warranty,P046568,HDD-SSD Enclosure,UGreen,pice,800,1000,0
46638,00DC91EC-477D-4E7C-AC5C-0CAD4825740E,Ugreen 35265 AX900 USB High-Gain Dual Band Wi-Fi Adapter Model#CM763,P046637,Adapter,UGreen,pice,1200,1400,0
46639,F35F885C-36F1-49E9-A2B7-C7396DED1CE6,Ugreen 35267 M.2 NVME SSD Enclosure Model#CM767,P046638,HDD-SSD Enclosure,UGreen,pice,1350,1600,0
46640,394D074E-06C4-4F72-9F3A-4137D98FBBC2,Ugreen 35574 USB 3.0 4- Port Hub Model#CM219,P046639,Hubs & Docks,UGreen,pice,760,1000,0
46507,F1628D8A-CF03-4988-81E7-D52C5EC10EDC,Ugreen 35629 Desktop USB Microphone#CM769 1 year warranty,P046506,Microphone,UGreen,pice,4000,4500,0
46555,77E33F68-0BB6-40BC-A37A-E1E5BBA607C4,Ugreen 35863 Ergonomic Mouse  wrist rest Gray Model #LP839,P046554,Mouse Wrist Rest,UGreen,pice,250,350,0
46509,D078C692-BC45-45EF-9D6F-E372FF779168,Ugreen 35994 Bluetooth 5.4 Adapter# BT301  1 Year warranty,P046508,Bluetooth Receiver,UGreen,pice,720,900,0
46510,F6E787C9-DF11-42C5-8E08-93E81A41C402,Ugreen 35995 Bluetooth 5.3 adapter #CM591  1 Year Warranty,P046509,Bluetooth Receiver,UGreen,pice,460,700,0
46057,323036A6-11EA-4C08-9FBA-44125763081B,Ugreen 4 port USB 3.0 Switch Box,P046057,Switch box,UGreen,pice,1750,1950,1
46253,12A845F9-E29C-4F8B-BCB7-37DF20FE5793,Ugreen 4-port USB 3.0  HUB cable length 1 M  Black  20291 #CR113 ,P046252,Hubs & Docks,UGreen,pice,800,1000,0
46012,550ADAFB-4A41-4F62-A240-7B647134D6C0,Ugreen 4-port USB 3.0 Gen 1 HUB Model CM219  Cable  Length 0.15m,P046011,Adapter,UGreen,pice,850,1200,0
46232,F4A124AF-2B2C-4B99-B74C-DC2D72845B7A,Ugreen 4-Port USB 3.2 Gen 1 HUB Model CM653,P046231,Hubs & Docks,UGreen,pice,1400,1500,0
46262,B425B2FD-08AE-4AE9-A894-70720F4EC02D,Ugreen 40189 Video Capture Caed Single HDMI Input#CM489,P046261,Adapter,UGreen,pice,1800,2000,0
46388,DC0A7831-FAAA-47A3-BC14-729D8C8C0D49,Ugreen 40759 Wireless Bluetooth Audio Receiver 5.0 with 3.5mm and 2RCA Adapter Model#CM106,P046387,Bluetooth Receiver,UGreen,pice,1900,2200,0
46570,8DCE0430-8B09-4F51-96B6-256AE4EC3050,Ugreen 40964 USB External Stereo Sound Adapter 15cm (Black) Model #CM129  1 Year Warranty,P046569,Adapter,UGreen,pice,850,1100,0
46511,9007E381-2DB7-400F-B56B-0FDA5FD96175,Ugreen 45134 Bluetooth 5.4  adapter #CM478  1 Year Warranty,P046510,Bluetooth Receiver,UGreen,pice,600,850,0
46641,31916B2E-E45A-433D-B0CD-5DB242CE7B4E,Ugreen 45311 Gigabit Ethernet Splitter 1 to 2 Model#NW301,P046640,Splitter,UGreen,pice,1200,1500,0
46673,0ED92593-8F61-42B4-8580-322D8AF847C6,Ugreen 45320 6-in-1 USB-C 3.2 to USB-A3.2+2 USB-C3.2+USB-A2.0+RJ45(1Gbps) ethernet Adapter#CM512,P046672,Adapter,UGreen,pice,2100,2400,0
46034,2DB63770-5398-462D-9F9B-6726C677A6A8,UGREEN 4K 50108 HDMI Carbon fiber zinc alloy cable 2M,P46034,HDMI Cable,UGreen,pice,920,1120,1
46231,142B2055-0633-4D43-BE99-63DA8B98AA18,Ugreen 5.3 Bluetooth Adapter Model CM591,P046230,Bluetooth Receiver,UGreen,pice,680,900,0
46642,CEF59CE0-2BC8-4E25-AAC1-3241962EB8D2,Ugreen 50283 type-C to USB 3.0 A Adapter Cble with lanyard(space gray) Model #US270,P046641,Adapter,UGreen,pice,220,400,0
46571,C8A514BB-45FD-4B79-9486-7E3FBD73B2C3,Ugreen 50307 USB Tyce-C to 10/100/1000Mbps Ethernet Adapter Model #US236 1Year warranty,P046570,Adapter,UGreen,pice,1200,1500,0
46254,C5931D8A-2787-4548-A4C1-5B15131DCE0A,Ugreen 50505 USB -C to HDMI +VGA Adapter with PD (Space Gray)#CM162,P046253,Hubs & Docks,UGreen,pice,2850,3200,0
46498,A3A4DEA3-6BA6-40F5-B802-6D0681E4181E,Ugreen 50596  2 Port USB -C Hub +3.5mm Audio#CM193  1 Year warranty,P046497,Hubs & Docks,UGreen,pice,550,700,0
46572,C0860EB9-EF21-421C-AAFB-FBC60DD1E439,Ugreen 50737 USB Type-C to 10/100/1000M Ethernet Adapter (Space Gray) Model #CM199 1 Year Warranty,P046571,Adapter,UGreen,pice,1500,1700,0
46438,3E053068-2260-4E24-A4A6-DC86E33008CF,Ugreen 50751 USB3.1 Type C Male to Type C Male  Cable Nickel Plating Aluminum Shell 1.5m (Cray)#US161,P046437,Cable,UGreen,pice,1200,1400,0
46556,4B37A1E4-6DAE-485E-9201-C7A3DA834C5F,Ugreen 50923 RJ45 Splitter Adapter  2 Pack (Black) Model#CM210,P046555,Splitter,UGreen,pice,450,600,0
46282,D2DE6AC0-18B9-4FB7-BC5E-C7F1E8DC6523,Ugreen 6-in-1 USB C Multifunction Adapter CM251 ,P046281,Hubs & Docks,UGreen,pice,2855,3200,0
46575,83B60974-5FD0-4E9C-A625-F710B8851688,Ugreen 60353  USB3.0  2.5 Inch Hard Drive Box Model #CM237 1 Year Warranty,P046574,HDD-SSD Enclosure,UGreen,pice,1050,1200,0
46360,C5BE0765-772B-421D-82EB-12A5A02157CB,Ugreen 60515 USB-C Multifunction 7 in 1 Adapter with Ethernet Interface #CM512,P046359,Adapter,UGreen,pice,3800,4100,0
46333,5E5F5BB5-B149-4AA9-8EB2-FE53AB2DFA7E,Ugreen 60554 USB3.0 to 3xUSB3.0 +RJ45  Gigabit  Ethernet  Adapter Type-C Power Supply#CM475  ,P046332,Adapter,UGreen,pice,2100,2300,0
46643,E8285B32-5240-4969-AA97-D41CDC323AC4,Ugreen 60561 USB 3.0 SATA Converter with DC5.5mm power Supply Model#CM257,P046642,Adapter,UGreen,pice,900,1200,0
46361,4B5EB0E5-78E1-464D-9CD0-5963CE17A5E3,Ugreen 70411 USB-C to 2 Port USB3.0-A Hub+HDMI+TF/SD with PD Power Supply  Multifunction Adapter (Spray Gray)#CM195,P046360,Adapter,UGreen,pice,3000,3500,0
46006,1261CB8F-E894-4138-9531-EE9574FAEB98,Ugreen 70609 USB A to 2.5 inch SATA converter  for 2.5 inch Hard Drive,P046005,Adapter,UGreen,pice,1000,1200,2
46557,43565281-BF29-4C82-A666-839E6DD36409,Ugreen 70683 Crimping Tool   Model#NW136,P046556,Crimping,UGreen,pice,900,1200,0
46644,716C5263-08D5-4746-84AB-D8A26896D7F0,Ugreen 80111 USB 2.0 to RS232 Serial Adapter (No built-in cable) Model#CM326,P046643,Adapter,UGreen,pice,650,900,0
46499,A1356310-9FE4-487C-B5BF-47753FAFBBC9,Ugreen 80124 USB-C to TF card Reader #CM331   1 Year warranty,P046498,Hubs & Docks,UGreen,pice,600,800,0
46558,E6491777-D40C-42DE-8692-5F0396140B8F,Ugreen 80395 Display Port to HDMI 8K Cable 1m Model #DP115,P046557,Cable,UGreen,pice,1900,2300,0
46508,94B85797-4893-4EF8-A4A9-5FBE95E7563F,Ugreen 80657 USB 3.0 4-Port Hub 1M(Black)#CM416 1 year warranty,P046507,Hubs & Docks,UGreen,pice,900,1200,0
46645,CCD1E44D-83FD-43BE-A519-48F4CEE8DABE,Ugreen 80845 3.5mm Male to 2*RCA Copper case Braided Aux cable 1m model#AV170,P046644,Cable,UGreen,pice,520,720,0
46646,35B0B3AE-ECD6-4DFD-B00F-BB3812A37021,Ugreen 80847 3.5mm Male  to 2*RCA Copper Case  Braided Aux cable 2m Model#AV170,P046645,Cable,UGreen,pice,600,800,0
46028,0B92C0F4-3744-4AF2-A987-C522F68F4D4E,UGREEN 8K HDMI M/M Cable 40179 1.5M,P46028,HDMI Cable,UGreen,pice,1000,1200,1
46512,83682978-9C38-40B8-A96B-48F29A5A29B3,Ugreen 90225 Bluetooth 5.3 USB  Adapter #CM591  ! Year Warranty,P046511,Bluetooth Receiver,UGreen,pice,600,850,0
46731,DAF62A78-7CB7-415C-8381-62766B63FAA5,Ugreen 90307 USB-C to 7-Port USB -A 3.0 HUB DC 12V EU #CM481,P046730,Hubs & Docks,UGreen,pice,3800,4500,0
46647,8692B0C4-64B3-4673-B6F9-02D59204AF65,Ugreen 90340 Ax1800 Dual-Band Wireless Adapter (Wi-Fi 6) Model#CM499,P046646,Adapter,UGreen,pice,2500,3000,0
46559,AAD36787-ABA0-4722-A85F-CBBD27AED3E0,Ugreen 90409 GaN  65W Fast Charger (3-port) Model#CD296,P046558,Charger,UGreen,pice,3500,3800,0
46560,BEA2A07B-EE7C-4239-97EE-91E0F8C3271F,Ugreen 90451 USB-C to HDMI 8K Adapter 1.5m  Model#CM565,P046559,Adapter,UGreen,pice,2750,3100,0
46561,B7850BDD-4C57-4BD8-AB17-BE1F467ED627,Ugreen 90573 Nexode 45W Charger EU (Space Gray) Model#CD294,P046560,Charger,UGreen,pice,2200,2500,0
46648,B7B14C9A-EC8A-4B6E-9465-8802BBFD13BF,Ugreen 90592 HDMI 8K Female to Female Adapter 1pcs Model#HD159,P046647,Adapter,UGreen,pice,250,400,0
45998,B3086758-969F-4C14-8A09-631C5465CB4B,UGREEN AC1300 USB WiFi Adapter for Desktop PC Laptop High Gain Dual Antennas Wide Range WiFi Dongle 5G 2.4G Dual Band,P045997,WiFi adapter,UGreen,pice,2300,2500,3
45997,DD3C4C22-9E6F-4EC5-8428-A16BB8296116,Ugreen AC650 Dual Band USB Wifi Adapter #20204,P045996,WiFi adapter,UGreen,pice,1200,1400,2
46062,466FD3CE-EC4C-4AF9-869B-252830B186CD,Ugreen Adhesive Hooks,P046062,Hook,UGreen,pice,450,550,1
46103,5E996C0E-85E2-4414-8AF9-4F844BB86489,Ugreen Angled USB AM to USB type C cable2m ,P046103,Cable,UGreen,pice,500,600,1
46093,07E1557A-3EEB-4F9D-8140-39F455C10733,Ugreen AV123/PN:70102 3.5mm Male to 2 Fimale audio cable  Aluminum case,P046093,Adapter,UGreen,pice,500,700,6
46016,08DBAB54-4B49-46DA-85F8-49A65C5EC4BB,Ugreen bluetooth 5.0 USB adapter,P046015,Bluetooth Receiver,UGreen,pice,730,920,0
45999,80ACDFB7-9E03-4658-993F-9B80F69A3396,UGREEN Bluetooth Adapter USB Bluetooth 5.4 for PC Dongle Adapter,P045998,Bluetooth Receiver,UGreen,pice,800,1000,2
46061,87056AC0-E0B5-467F-ADAC-AD4D57270D30,Ugreen Bluetooth Audio Transrecever,P046061,Bluetooth Receiver,UGreen,pice,950,1050,1
46097,7716E485-66EA-4203-903E-1E2EADCC0FE7,Ugreen Cat8 Flat Ethernet cable 0.5m   Model#NW291  1 Year Warranty,P046097,Cable,UGreen,pice,400,500,3
45989,DFB22128-E448-4146-97FC-D38EC9641687,UGREEN CM199 (50737) USB Type-C to 10/100/1000M Ethernet Adapter,P045988,Adapter,UGreen,pice,1250,1350,3
45995,B40B0771-2CE2-47E0-916E-990383DAD828,UGREEN CM478 (10919) Ultra Slim 5-in-1 USB C Hub,P045994,Adapter,UGreen,pice,1450,1650,1
45994,943AAFE9-6E07-408D-9185-8014B7D411FC,UGREEN CM498(80133) 10-in-1 USB-C Multifunction HUB,P045993,Adapter,UGreen,pice,4800,5300,1
45990,63354797-B96E-47DC-ADD6-122F3604E555,UGREEN CR110(20254)USB 3.0 Gigabit Ethernet Adapter,P045989,Adapter,UGreen,pice,1050,1200,5
46007,2DA2469E-D205-411D-8173-DB8775355427,Ugreen Ergonomic wireless mouse,P046006,Mouse,UGreen,pice,850,950,2
46029,1446FB6C-6230-466C-B8E5-3603D4BA84D2,UGREEN HDMI Cable 10109 5M Black,P46029,HDMI Cable,UGreen,pice,660,860,2
46010,84DC1B3B-106A-43CD-B86D-D1B47AC3F628,Ugreen HDMI Female to Female adapter,P046009,Adapter,UGreen,pice,350,450,4
46056,D00A8388-7FDD-40B0-8868-3614D738D219,Ugreen HDMI to VGA converter,P046056,Adapter,UGreen,pice,770,1000,2
46055,5FF37D0F-7F57-4A9B-A85D-350626167327,Ugreen HDMI to VGA converter with Audio ,P046055,Adapter,UGreen,pice,1000,1200,1
46052,64F5D569-54B6-4E0E-A915-5D98F211AF7D,Ugreen M.2 B-key SSD enclosure Model: 60355,P046052,HDD-SSD Enclosure,UGreen,pice,1400,1600,1
46054,DF29AD12-0E4D-4988-B11D-F057D995CE98,Ugreen M.2 M-Key NVMe & SATA SSD Enclosure Model: CM559,P046054,HDD-SSD Enclosure,UGreen,pice,2550,2650,2
46053,66642897-2E0F-4D11-9F85-8D7A6C0CEF26,Ugreen M.2 M-Key NVMe SSD enclosure Model;CM578,P046053,HDD-SSD Enclosure,UGreen,pice,2000,2200,1
46058,18BE9064-7384-4006-B08A-81B994BBC2FB,Ugreen M.2 NVMe to PCI-E 3.oX4 Expension Card,P046058,Expension Card,UGreen,pice,650,850,2
46099,00123D91-7649-4147-99A3-BAA8CB8AFB33,Ugreen Micro HDMI Male to HDMI  Male Adapter Cable 0.5m,P046099,Cable,UGreen,pice,600,700,2
46350,8CC07C89-C92F-45BE-B241-DF8EB3CE9EB5,Ugreen Mini Display Port to HDMI  Converter #10461 Black ,P046349,Adapter,UGreen,pice,920,1100,0
46100,628C6E76-B690-423B-B126-B7DA7EB2B4A0,Ugreen Mini HDMI Male to HDMI Female Adapter cable 22cm   ModeI#20137,P046100,Cable,UGreen,pice,600,700,1
46170,52054F1E-FBAF-4304-86C7-43257FD8EE8B,Ugreen NW120  Cat 6 Unshielded RJ45 Modular plug 50- pack,P046170,Cat 6 Connector,UGreen,pice,300,450,4
45993,62FD4102-4475-4BF3-8231-EB36D0CEF8B3,UGREEN Revodok Pro CM681 (15965) Multifunction 11-in-1 Docking Station,P045992,Adapter,UGreen,pice,11000,12000,1
45991,AAC78276-7451-4FFD-903B-D6EBA8F706AA,UGREEN US276 (50533) USB 3.0 To USB-C Adapter,P045990,Adapter,UGreen,pice,450,550,4
46060,66B564C1-0BF8-4EB0-9ED0-1C44192E594A,ugreen USB to RS-232  DB 9 Serial Adaptrr cable,P046060,Adapter,UGreen,pice,1050,1250,1
46094,F05F325D-5BA5-4FC4-97DE-642982F54D8F,Ugreen USB-A male to USB-B 2.0 Printer cable 1 m,P046094,Cable,UGreen,pice,500,600,4
46003,B4189DE0-BAF3-487A-B53F-82F9F4FF0559,"Ugreen USB-C 2.5"" Hard Drive Enclosure",P046002,HDD-SSD Enclosure,UGreen,pice,1640,1840,1
46011,36A5E58C-BBAA-47EA-AAD7-4B70A05A35DB,Ugreen USB-C to USB 3.0 A Female Adapter,P046010,Adapter,UGreen,pice,200,300,1
46096,91B07E6F-FEF5-46F8-A8FE-27BEF59879EB,Ugreen USB2.0 Male to A Female cable 0.5m,P046096,Cable,UGreen,pice,460,560,2
46485,1AF4D30E-82CE-47EE-A55B-52C4835A3B6C,Ultra HD 4K HDMI to HDMI Cable 5 M,P046484,HDMI Cable,Ultra,pice,320,400,0
46278,775A496A-2401-45B2-AFA2-2FDF5E5C7A91,Universal Clear Laptop keyboard Protector  Water proof  transparent 15 inches,P046277,Keyboard protector,Non Brand,pice,60,100,0
46175,591F8635-D883-4460-B611-713CC1764B5A,UNV  MW-LD22-B 21.45 Inch 100 Hz IPS Panel LED FHD Monitor  3-Years Warranty,P046174,Monitor,UNV,pice,8000,8500,0
46534,A8CB67F8-3BB2-4B6A-80D7-AB8907208FC1,Value top power supply S200 B  200 watt Warranty 2 years,P046533,Power Supply ,Value-Top,pice,1050,1150,2
45859,F06185D2-6C34-4C22-9CFA-36AA2D3C8B85,Value Top VT M100 BLACK Case,P45859,Casing,Value-Top,pice,2400,2600,1
45856,C613AB89-9256-4B5A-AED1-985DA984E90F,Value Top VT M200 BLACK Case,P45856,Casing,Value-Top,pice,3200,3400,3
45858,882A412C-5659-49C5-BB6D-CB1D3F23772C,Value Top VT M200 WHITE Case,P45858,Casing,Value-Top,pice,3200,3400,1
45857,CC6AC6E7-17E8-4F36-8312-00BDD4F5F87C,Value Top VT M300 BLACK Case,P45857,Casing,Value-Top,pice,3100,3300,3
45860,9DC46AAC-0419-49FE-A3A0-5BCDE9346184,Value Top VT R850 BLACK Case,P45860,Casing,Value-Top,pice,3000,3200,1
45861,7E1E4C37-B4A2-419E-A943-3A86569A430B,Value Top VT V300 BLACK Case,P45861,Casing,Value-Top,pice,2500,2700,2
45477,E67776EE-4659-4976-9A02-5D3C2919D492,"Value-Top T22IF 21.5"" 75Hz FHD IPS Monitor",P00006,Monitor,Value-Top,pice,9500,9700,2
45699,18CF3421-040A-441D-BD3D-1E1489BE1176,Value-Top VT-2920U USB Keyboard 01 year warranty,P45699,Keyboard,Value-Top,pice,400,600,3
45561,6C95146D-2777-4AA5-9236-0232E6E46C67,Value-Top VT-M105G RGB gaming mouse 06 month warranty,P45561,Mouse,Value-Top,pice,500,700,2
45870,3F14FD82-5DA3-4405-93BB-262A02651895,Value-Top VT-S200B Plus Power Supply 2 Year warranty,P45870,Power Supply ,Value-Top,pice,1150,1350,5
45868,2D98EEEA-CC89-4CC3-8A99-47EC442009C2,Value-Top VT-S230B Long Cable Power Supply 2 Year warranty,P45868,Power Supply ,Value-Top,pice,1290,1490,4
45869,F6CCC3EF-C782-409B-8DF0-86F66F4C74F5,Value-Top VT-S230B Power Supply 2 Year warranty,P45869,Power Supply ,Value-Top,pice,1180,1380,5
46098,6BECCAEF-0B53-400C-AED2-A0E258340217,Vention  Cat6UTP Patch cable 0.5m,P046098,Cable,Vention,pice,330,430,3
46656,819387C0-7CAD-41C9-9347-F9183FAAD01D,Vention 42154 HDMI to VGA Cnverter 0.15m Black Adapter,P046655,Adapter,Vention,pice,575,750,0
46653,E0E57DE3-E3E2-4A36-806D-63EB0FA2C36A,Vention AACBJ HDMI Cable 5 m,P046652,Cable,Vention,pice,525,600,0
46611,7FB441FE-A6EC-4362-ABA2-39735C7D853C,Vention AACBK HDMI Cable 8 M Black,P046610,Cable,Vention,pice,800,1000,0
46030,573B508D-DF9A-4547-9F4A-44CBC72EFC72,Vention AACBL HDMI Cable 10M Black,P46030,HDMI Cable,Vention,pice,900,1100,2
46612,35816C72-A395-4D8B-95E2-AA8ABD01C58B,Vention AACBN HDMI Cable 15 M Black,P046611,Cable,Vention,pice,1600,1800,0
46604,BE12397B-3286-4120-A073-4891BD0B8F5A,Vention AACQB HDMI Cable Black 20 Meter,P046603,Cable,Vention,pice,2700,3000,0
46654,08AAD63E-E074-48A8-B09D-B5227B1B329F,Vention AANBG 8K HDMI Cable 1.5m Black,P046653,Cable,Vention,pice,450,600,0
46655,C5614A2D-358C-437B-BE40-98D7D8695286,Vention AANBI 8K HDMI Cable 3m  Black,P046654,Cable,Vention,pice,650,800,0
46721,D8DF95C7-CAD5-4F23-913A-0F46736BAD8B,Vention ACDGO HDMI Switcher 5 in 1 Out Gold,P046720,Switch box,Vention,pice,2500,2800,0
46657,FF23A757-8BB7-4F14-8093-F1B5740A7A07,Vention ACYHB USB-C+USB-A to HDMI Adapter 0.15m Gray Aluminum alloy type,P046656,Adapter,Vention,pice,1650,1900,0
46722,89EA3C51-AE2C-4368-9380-BEC160713AA7,Vention AFFHO 3 in 1 Out HDMI Switcher Grey Metay Type,P046721,Switch box,Vention,pice,2000,2500,0
46723,5ACE053A-864B-4E8F-9EF5-3E5E81F4E0A0,Vention AFJHO 3 in 1 Out HDMI Switcher With Audio Separation Gray Metal Type,P046722,Switch box,Vention,pice,2550,2850,0
46724,402DF307-1383-4E16-ABCC-DF04058A3FBF,Vention AFUHO 2-Port HDMI Bi-Direction Switcher Silver,P046723,Switch box,Vention,pice,1000,1200,0
46658,BE92D762-199B-4467-84E6-A24740CCB8DF,Vention AGFBO 2 in 1 Mini HDMI and Micro HDMI Male to HDMI Female Adapter Black,P046657,Adapter,Vention,pice,200,300,0
46659,63363974-4232-44FF-9D5E-297AD4CFFD2B,Vention AGHBI HDMI-C Male to HDMI -A Male 4K HD Cable 3m Black,P046658,Cable,Vention,pice,500,650,0
46660,1B4FE972-0905-4B32-8088-0B6816A0A703,Vention AGIBG HDMI-D Male to HDMI-A Male 4K HD Cable 1.5m Black,P046659,Cable,Vention,pice,350,450,0
46661,9979FAD1-155A-4F8A-B9D1-A4C1E307D740,Vention AGIBI HDMI -D Male to HDMI-A Male 4K HD Cable 3m Black,P046660,Cable,Vention,pice,500,650,0
46662,E14BE040-B175-47F5-A2BC-FEE6A268D4BA,Vention CBHBJ USB 3.0 Type-A Male to Type -A Female Extension Cable 5m black ,P046661,Cable,Vention,pice,600,800,0
46770,354078AC-5123-42A6-85B9-C78030157AB1,Vention CDRBB USB 2.0 External Stereo Sound Adapter with volume control 0.15M Black ABS Type,P046769,Adapter,Vention,pice,1100,1300,0
46728,9F60E49C-95C8-437F-891E-A71AB5C93F01,Vention COOBG USB3.0 Male to B Male Cable 1.5M Black PVC Type,P046727,Cable,Vention,pice,350,500,0
46729,0150A62A-8491-4B98-92D0-523149E95EAC,Vention COOBI USB3.0 Male to B Male Cable 3M Black PVC Type,P046728,Cable,Vention,pice,450,600,0
46306,6A8A4A3A-1445-42D4-8878-DBEE1C546F45,Vention COQBG USB 2.0 A Male to BMale Cable 1.5M Black PVC Type ,P046305,Cable,Vention,pice,160,220,0
46307,90E07AA7-9A82-42A9-A645-E55355BB045B,Vention COQBI USB 2.0 A Male to BMale Priter Cable 3M Black PVC Type  ,P046306,Cable,Vention,pice,250,320,0
46308,80C81981-7EB7-41D7-856C-BD5A95A420F0,Vention COQBJ USB 2.0 A Male to BMale Printer Cable 5M Black PVC Type ,P046307,Cable,Vention,pice,350,430,0
46670,27788C93-6578-441F-80B7-8B07AD500206,Vention COQBL USB 2.0 A Male to BMale Cable With Ferrite Cores 10M Black PVC Type ,P046669,Cable,Vention,pice,600,800,0
46663,29110891-1658-40DB-A0B3-259F732F5E1C,Vention CREBC Cotton Braided USB-C HDMI 4K Converter 0.25m Black Zink Alloy Type,P046662,Adapter,Vention,pice,1000,1300,0
46664,258A31AF-2966-44BF-BACF-EB00EC74C75B,Vention DBABF 1IN 2 Out VGA Splitter 1m Black,P046663,Splitter,Vention,pice,1300,1600,0
46367,62751B1F-D3A1-4C0B-91F7-999B6F36E3FE,Vention DP to HDMI Adapter 4K UHD Display port Adapter Male to HDMI Fimale  HBMBO,P046366,Adapter,Vention,pice,620,750,0
46690,5B214588-CBC9-4ED7-8230-5C7E970F2A82,Vention FACBO -UK 1-Port USB Wall Charger (22.50 ) UK-Plug Black,P046689,Adapter,Vention,pice,625,800,0
46691,0ACAD707-F341-4AC4-944A-610F28C89709,Vention FACBO -US 1-Port USB Wall Charger (22.50 ) US-Plug Black,P046690,Adapter,Vention,pice,725,1000,0
46692,91DFF8EF-0392-4CC9-83DA-13A689ED1CF9,Vention FACWO -EU 1-Port USB Wall Charger (22.50 ) EU-Plug  White,P046691,Adapter,Vention,pice,650,900,0
46696,0B276460-EF80-4B38-A2C3-21E559DA7065,Vention FACWO-UK 1-Port USB wALL cHARGER(22.5W) UK-Plug White,P046695,Adapter,Vention,pice,650,900,0
46693,739A73A1-EE3B-40E0-8BF2-293130B0AA4C,Vention FAIBO-EU 1-Port  USB-C Wall Charger (30 W) EU-Plug  Black,P046692,Adapter,Vention,pice,800,1200,0
46694,84A4B827-3CC5-4A48-BA63-F95A8344A230,Vention FAKBO-UK 1-Port  USB-C Gan  Charger (30 W) UK-Plug  Black,P046693,Adapter,Vention,pice,1000,1500,0
46695,F923E3BA-C794-4FF2-AE90-15306CA91D93,Vention FAKBO-US 1-Port  USB-C Gan Charger (30 W) US-Plug  Black,P046694,Adapter,Vention,pice,1000,1500,0
46697,FFBD87BA-5B21-4ABD-836D-D6D9EF37F404,Vention FBABO-UK Two-Port USB(A+A) Wall Charger(18W/18W) UK-Plug Black,P046696,Adapter,Vention,pice,900,1200,0
46698,D8775D45-E3D5-41E0-A9A6-6A2187EF8BDA,Vention FBBBO-EU Two-Port USB(A+C) Wall Charger (18W/20W) EU-Plug Black,P046697,Adapter,Vention,pice,750,1000,0
46699,7DB391B2-B59B-4AA8-8268-DF06C15A9A49,Vention FBPWO-EU 2-Port USB(C+C) Gan Charger (35W/35W) EU-Plug White,P046698,Adapter,Vention,pice,1400,1800,0
46700,8D6613DE-2F0C-4A3D-AC69-211C8A61373D,Vention FEPWO-US 1-Port USB-C Gan Charger (20W) US-Plug White,P046699,Adapter,Vention,pice,500,800,0
46725,752B4DC1-11CB-4E32-8161-DDEC46C41C46,Vention FHMBO 30000mAH Power Bank (Micro-USB+USB-C+USB-A+USB-A) 22.5W Black LED Display Type 1 year Warranty  ,P046724,Power Bank,Vention,pice,2600,3000,0
46726,195FE4BE-921D-46CF-BE7D-64767D28B398,Vention FHMWO 30000mAh Power Bank (Micro-USB+USB-C+USB-A+USB-A) 22.5W White LED Display Type 1 Year Warranty,P046725,Power Bank,Vention,pice,2600,3000,0
46754,325B6D8B-B01C-4C84-A5FA-B7F343C5594B,Vention FKBLO-C 20000mAh Power Bank (USB-C+USB-C/USB-C/USB-A) with built-in USB-C to USB-C Cable 22.5W Blue LED Display Type,P046753,Power Bank,Vention,pice,2150,2500,0
46755,ADA82750-2D55-49EF-99AF-959005032B3B,Vention FKDMO 20000mAh Power Bank (USB-C+USB-C/USB-A) with Built-in USB-C Cable 65W GrayLED Display Type,P046754,Power Bank,Vention,pice,4000,4500,0
46784,004788CE-13E6-4322-9F44-34421E8134AC,Vention HBZBB DP to HDMI 4K@60Hz Converter 0.15M Black,P046783,Adapter,Vention,pice,1350,1600,0
46031,70C1735F-8F5E-43DD-9AB2-1090694CA10A,VENTION HDMI Cable 1.5M Model AACBG,P46031,HDMI Cable,Vention,pice,225,425,9
46105,BC829F0D-1B32-4401-B21E-EFA3BC5F298E,Vention HDMI to VGA converter 0.15m,P046105,Adapter,Vention,pice,800,1000,1
46403,28DD95AE-5B84-438A-9660-F6C23151BD9A,Vention IBEBH  Cat.6 UTP Patch Cable 2 M Black,P046402,Cable,Vention,pice,125,200,0
46404,847D5E88-55B6-471C-8553-6CD3B5209A48,Vention IBEBI Cat.6 UTP Patch Cable 3M Black,P046403,Cable,UGreen,pice,150,250,0
46405,A23497E7-4B20-40F8-A59E-F2436DEDD1E8,Vention IBEBJ Cat.6 UTP Patch Cable 5M Black,P046404,Cable,UGreen,pice,200,300,0
46406,31F227D7-6E0D-454A-AB20-53E6941B490B,Vention IBEBN Cat.6 UTP patch Cable 15 M Black ,P046405,Cable,UGreen,pice,475,600,0
46407,A1DE4832-0957-470D-93D5-D813450C593E,Vention IBOBL Cat.6 UTP Rotate Right Angle Ethernet Patch Cable 10M Black Slim Type,P046406,Cable,UGreen,pice,950,1050,0
46671,E4AE0FED-1DF4-42C5-BCE9-88C4D8D25B69,Vention IPVBO-1 Cat .6 FTP Keystone Jack Coupler  1 pack Black ,P046670,Cable,Vention,pice,175,200,0
46665,EDB67A80-2CB3-44DD-A496-2FCE7A610C78,Vention KDSBO USB Wi-Fi Dual Band Adapter 2.4G/5G Black,P046664,Adapter,Vention,pice,750,1000,0
46666,76003EB8-47F4-47E9-A250-F08765E10D79,Vention KDTBO AC650 USB Wi-Fi DUAL Band Network  Adapter With High Gain Antenna Black,P046665,Adapter,Vention,pice,900,1100,0
46683,C977A8D5-9DCA-48B1-AC90-727F309AB087,Vention KEABO Multi -Function Crimping Tool ratcher Type Black,P046682,Crimping,Vention,pice,850,950,0
46701,D36309E1-0490-46C2-BAC0-2346CD26461E,Vention NAFBO USB Bluetooth 5.1 Adapter Black Mini Type,P046700,Adapter,Vention,pice,485,650,0
46667,9A020F02-B795-4326-A45C-E9C3A929EE3D,Vention TCAHO Type-C to HDMI Adapter Gray Alloy Type,P046666,Adapter,Vention,pice,750,950,0
46362,4F26FB4F-6277-41A8-8AB4-4F8802537AF4,Vention TFDHB Multi-Function USB-C to USB3.0*4/PD Docking Station 0.15M Gray Mirrored Surface Type 5in 1 Adapter,P046361,Adapter,Vention,pice,1750,2000,0
46363,D214F61D-FA92-411C-8DA9-F345BB1DF02B,Vention TFKHB USB-C to HDMI/VGA/USB3.0x3/RJ45/PD Docking Station 0.15M Gray Mirrored Surface Type  7 in 1 adapter,P046362,Adapter,Vention,pice,3200,3500,0
46364,0CECE78D-E34F-498F-9736-D19B93248B34,Vention TGESB USB-C to HDMI/USB3.0x3/PD docking Station 0.15M Blue Aluminum Alloy Type 5 in 1 Adapter,P046363,Adapter,Vention,pice,1850,2500,0
46668,C3E877AC-E203-4C43-9BD7-1C276A867C0C,Vention VAA-D02-B150 Mini HDMI Cable 1.5m Black,P046667,Cable,Vention,pice,375,550,0
46669,DE1ABE2D-19F0-44B6-A448-74E34D37EE08,Vention VAA-D03-B150 Micro HDMI Cable 1.5m Black,P046668,Cable,Vention,pice,400,600,0
46309,0310CB85-EEB9-40B6-B40B-416D55B76B71,Vention VAS-A16-B500 USB 2.0 A Male to BMale Printer Cable 5M Black  ,P046308,Cable,Vention,pice,375,475,0
46106,C6EDDBD1-31AC-4413-91CA-0CD94CB87BDF,Vention VGA to HDMI converter 0.15m,P046106,Adapter,Vention,pice,1000,1200,2
46676,141D7018-E173-49CC-A193-37C183D344E8,"Viewsonic 24 inches Monitor  VA2432A-H  Super Clear IPS panel, Full HD 1080p resolution, 120Hz Variable Refresh Rate delivers fluid visual, Eye proTech+ for always -on eye protection, 1ms(MPRT) response time for precision 3 years warranty",P046675,Monitor,ViewSonic,pice,14000,15000,0
45479,E00255DE-671F-4E96-834C-B5E3D5992035,"ViewSonic VA2215-H 21.5"" 75Hz VA Full HD Monitor",P00008,Monitor,ViewSonic,pice,9300,9500,2
45478,6074473F-11B0-404B-92EE-77D5DBFFD9F2,"ViewSonic VX2276-SH 2 21.45"" 100Hz FHD IPS Monitor  S/L#XF2234300892  3 Years Warranty",P00007,Monitor,ViewSonic,pice,12200,15200,2
45926,F885AE22-3B47-49E2-836D-B58146F33E6A,Vikar SG-D7 USB 2.0 Speaker,P45926,Speaker,Vikar,pice,450,500,5
45844,E1BFA396-84A8-4BDD-A511-DC76FD2BE4C9,Voltan 12V 7.5 AH UPS Battery,P45844,Battery,Voltan,pice,1150,1250,10
46375,28449DD0-21C2-4EB6-B62C-2284C3D0A11D,Wall Mount  Fix  Model F-01,P046374,wall mount,Non Brand,pice,200,300,2
46376,F2AD5257-2774-4F76-A840-7A86620D2CD1,Wall Mount  Moveable  Model JD-F03,P046375,wall mount,Non Brand,pice,350,500,3
46390,BAB5865F-D23B-4154-BD89-6F3F8822A002,Wesder Bluetooth Speaker Model: K199  1 Year Warranty,P046389,Bluetooth Speaker,Jedel/Wesder,pice,560,900,0
46391,69EE7033-CB9B-4EA2-B048-79C4B1D7BF6F,Wesder Bluetooth Speaker Model: K208  1 Year Warranty,P046390,Bluetooth Speaker,Jedel/Wesder,pice,1150,1500,0
46392,6AAD5376-DFFA-4D28-84CB-69109312DFC9,Wesder Bluetooth Speaker Model: K269 1 Year Warranty,P046391,Bluetooth Speaker,Jedel/Wesder,pice,1175,1550,0
46389,225085CC-1A77-447D-A3F2-104A25D82283,Wesder Bluetooth Speaker Model: K39  1 Year Warranty,P046388,Bluetooth Speaker,Jedel/Wesder,pice,710,1050,0
45521,564BAB3C-F666-482C-9D09-6CD86895E679,Western Digital Green 120GB M.2 2280 SSD 03 years warranty,P000049,SSD,Western Digital,pice,1750,1900,1
45519,1F119664-1524-419D-85BA-336964337B47,Western Digital Green 240GB SSD 3 Years Warranty,P000047,SSD,Western Digital,pice,2250,2500,2
45522,8C5D7A35-94F0-40EB-9D54-B0615BC145F7,Western Digital Green 240GB SSD M.2 2280 03 years warranty,P000050,SSD,Western Digital,pice,2750,3000,4
45520,F02EA891-5500-4B87-8E00-0B906986510D,Western Digital Green 480GB M.2 SATA SSD 03 years warranty,P000048,SSD,Western Digital,pice,4250,4700,1
46594,D2F55A75-92F7-44E2-929F-56D640B99379,Western Digital PC SN530 512 GB NVMe SSD S/N#21360D804745 3 Years warranty,P046593,SSD,Western Digital,pice,1,4500,1
45845,C7367175-E503-4A6D-BD22-819367D42A32,"WGP MINI DC UPS 5V-12V, 12 V",P45845,UPS,WGP (Mini UPS),pice,1800,2000,3
46459,BFBFA274-07A2-4344-A05E-501D61F626F5,"WGP MINI DC UPS 5V-12V, 12 V  10400 mAh  3 months warranty",P046458,UPS,WGP (Mini UPS),pice,1450,1600,0
46114,348B5404-A284-4B26-A47F-E5B89C5640BC,WiWuThunder P40 mini outdoor portable wireless speaker,P046114,Bluetooth Speaker,WiWu,pice,3300,3500,1
46368,4B4A32CE-FE3F-4B80-859B-E91BAC39F5D4,Xiaomi 33 W Charger with Cable  MDY-11-EX,P046367,Gadget,MI (Xiaomi),pice,1150,1300,0
45888,352F748E-5D25-47EE-8D82-31E383F17EBA,Xiaomi MI 4C R4CM 300 Mbps 4 Antenna Router (Global Version) 01 year warranty,P45888,Router,MI (Xiaomi),pice,750,900,6
45978,75A26375-F62B-4E11-81FE-2B50F531A7D5,Xiaomi Redmi Buds 5 Active 25dB ANC Earbuds,P045978,Ear buds,MI (Xiaomi),pice,2080,2280,3
45980,46037236-E0C4-4546-BD19-134FFEAFE0EA,Xiaomi TV Box S  3rd Gen 4K Ultra HD Streaming Media Player  2 GB  RAM  & 32 GB  ROM  6 Month Warranty   ,P045980,TV Box,MI (Xiaomi),pice,6650,7000,2
46140,92F2CC64-0296-4BA8-A19E-0AC1B2908E09,Xiaomi USB Type -C cable white ,P046140,Cable,MI (Xiaomi),pice,200,300,1
46370,70BE0F35-36E1-4934-89CD-556581AC2A06,Xiaomi WIFI Range Exterder N300  6 Months Warranty,P046369,Router,MI (Xiaomi),pice,1150,1200,5
45985,0164B0F6-65E0-4A46-B987-CF3EB276AB34,Xtreme Epon onu,P045985,ONU,Xtreme,pice,1050,1250,3
45976,AA034F33-DDB9-4396-801D-668686524DFC,Xtreme Xpon onu,P045976,ONU,Xtreme,pice,1100,1300,3
46622,E140723F-364A-4585-AB89-7716A0490E8B,ZKTeco ZKB102S 1D CCD Barcode Scanner 1 year official Warranty  S/L#30001015224480011,P046621,Barcode Scanner,ZKTeco,pice,1950,2250,0
46623,1B049C68-7CB4-4A2C-889F-0E39EA46D900,ZKTeco ZKB201S 2D Image  Barcode Scanner 1 year official Warranty  S/L#30001015725200194,P046622,Barcode Scanner,ZKTeco,pice,3550,4000,0
46624,4D8823C4-01A9-4B41-A763-FB5F548065DF,ZKTeco ZKB202S 2D Wireless Image Barcode Scanner 1 year official Warranty  S/L#30001015825150023,P046623,Barcode Scanner,ZKTeco,pice,4950,5500,0